#ifndef LOGOS_H
#define LOGOS_H

#include <Arduino.h>

// Coin logos from CoinGecko, generated by tools/make_logos.py. Do not edit by hand.
// RGB565 pixels plus an alpha mask (0 = transparent, 255 = opaque), row by row.

#define LOGO_LARGE 64
#define LOGO_MEDIUM 32
#define LOGO_SMALL 20

static const uint16_t LOGO_XRP_LARGE_RGB[] PROGMEM = {
  0x0000, 0x0000, 0x0000, 0x0000, 0x0000, 0x0000, 0x0000, 0x0000, 0x0000, 0x0000, 0x0000, 0x0000, 0x0000, 0x0000, 0x0000, 0x0000,
  0x0000, 0x0000, 0xFFFF, 0xFFFF, 0x0000, 0x0000, 0x0000, 0xFFFF, 0xFFFF, 0xFFFF, 0xFFFF, 0xFFFF, 0xFFFF, 0xFFFF, 0xFFFF, 0xFFFF,
  0xFFFF, 0xFFFF, 0xFFFF, 0xFFFF, 0xFFFF, 0xFFFF, 0xFFFF, 0xFFFF, 0xFFFF, 0x0000, 0x0000, 0x0000, 0xFFFF, 0xFFFF, 0x0000, 0x0000,
  0x0000, 0x0000, 0x0000, 0x0000, 0x0000, 0x0000, 0x0000, 0x0000, 0x0000, 0x0000, 0x0000, 0x0000, 0x0000, 0x0000, 0x0000, 0x0000,
  0x0000, 0x0000, 0x0000, 0x0000, 0x0000, 0x0000, 0x0000, 0x0000, 0x0000, 0x0000, 0x0000, 0x0000, 0x0000, 0x0000, 0x0000, 0x0000,
  0xFFFF, 0xFFFF, 0x0000, 0x0000, 0xFFFF, 0xFFFF, 0xFFFF, 0xFFFF, 0xFFFF, 0xFFFF, 0xFFFF, 0xFFFF, 0xFFFF, 0xFFFF, 0xFFFF, 0xFFFF,
  0xFFFF, 0xFFFF, 0xFFFF, 0xFFFF, 0xFFFF, 0xFFFF, 0xFFFF, 0xFFFF, 0xFFFF, 0xFFFF, 0xFFFF, 0xFFFF, 0x0000, 0x0000, 0xFFFF, 0xFFFF,
  0x0000, 0x0000, 0x0000, 0x0000, 0x0000, 0x0000, 0x0000, 0x0000, 0x0000, 0x0000, 0x0000, 0x0000, 0x0000, 0x0000, 0x0000, 0x0000,
  0x0000, 0x0000, 0x0000, 0x0000, 0x0000, 0x0000, 0x0000, 0x0000, 0x0000, 0x0000, 0x0000, 0x0000, 0x0000, 0x0000, 0x0000, 0xFFFF,
  0x0000, 0x0000, 0xFFFF, 0xFFFF, 0xFFFF, 0xFFFF, 0xFFFF, 0xFFFF, 0xFFFF, 0xFFFF, 0xFFFF, 0xFFFF, 0xFFFF, 0xFFFF, 0xFFFF, 0xFFFF,
  0xFFFF, 0xFFFF, 0xFFFF, 0xFFFF, 0xFFFF, 0xFFFF, 0xFFFF, 0xFFFF, 0xFFFF, 0xFFFF, 0xFFFF, 0xFFFF, 0xFFFF, 0xFFFF, 0x0000, 0x0000,
  0xFFFF, 0x0000, 0x0000, 0x0000, 0x0000, 0x0000, 0x0000, 0x0000, 0x0000, 0x0000, 0x0000, 0x0000, 0x0000, 0x0000, 0x0000, 0x0000,
  0x0000, 0x0000, 0x0000, 0x0000, 0x0000, 0x0000, 0x0000, 0x0000, 0x0000, 0x0000, 0x0000, 0x0000, 0x0000, 0xFFFF, 0xFFFF, 0x0000,
  0xFFFF, 0xFFFF, 0xFFFF, 0xFFFF, 0xFFFF, 0xFFFF, 0xFFFF, 0xFFFF, 0xFFFF, 0xFFFF, 0xFFFF, 0xFFFF, 0xFFFF, 0xFFFF, 0xFFFF, 0xFFFF,
  0xFFFF, 0xFFFF, 0xFFFF, 0xFFFF, 0xFFFF, 0xFFFF, 0xFFFF, 0xFFFF, 0xFFFF, 0xFFFF, 0xFFFF, 0xFFFF, 0xFFFF, 0xFFFF, 0xFFFF, 0xFFFF,
  0x0000, 0xFFFF, 0xFFFF, 0x0000, 0x0000, 0x0000, 0x0000, 0x0000, 0x0000, 0x0000, 0x0000, 0x0000, 0x0000, 0x0000, 0x0000, 0x0000,
  0x0000, 0x0000, 0x0000, 0x0000, 0x0000, 0x0000, 0x0000, 0x0000, 0x0000, 0x0000, 0x0000, 0x0000, 0xFFFF, 0x0000, 0x0000, 0xFFFF,
  0xFFFF, 0xFFFF, 0xFFFF, 0xFFFF, 0xFFFF, 0xFFFF, 0xFFFF, 0xFFFF, 0xFFFF, 0xFFFF, 0xFFFF, 0xFFFF, 0xFFFF, 0xFFFF, 0xFFFF, 0xFFFF,
  0xFFFF, 0xFFFF, 0xFFFF, 0xFFFF, 0xFFFF, 0xFFFF, 0xFFFF, 0xFFFF, 0xFFFF, 0xFFFF, 0xFFFF, 0xFFFF, 0xFFFF, 0xFFFF, 0xFFFF, 0xFFFF,
  0xFFFF, 0x0000, 0x0000, 0xFFFF, 0x0000, 0x0000, 0x0000, 0x0000, 0x0000, 0x0000, 0x0000, 0x0000, 0x0000, 0x0000, 0x0000, 0x0000,
  0x0000, 0x0000, 0x0000, 0x0000, 0x0000, 0x0000, 0x0000, 0x0000, 0x0000, 0x0000, 0x0000, 0xFFFF, 0x0000, 0xFFFF, 0xFFFF, 0xFFFF,
  0xFFFF, 0xFFFF, 0xFFFF, 0xFFFF, 0xFFFF, 0xFFFF, 0xFFFF, 0xFFFF, 0xFFFF, 0xFFFF, 0xFFFF, 0xFFFF, 0xFFFF, 0xFFFF, 0xFFFF, 0xFFFF,
  0xFFFF, 0xFFFF, 0xFFFF, 0xFFFF, 0xFFFF, 0xFFFF, 0xFFFF, 0xFFFF, 0xFFFF, 0xFFFF, 0xFFFF, 0xFFFF, 0xFFFF, 0xFFFF, 0xFFFF, 0xFFFF,
  0xFFFF, 0xFFFF, 0xFFFF, 0x0000, 0xFFFF, 0x0000, 0x0000, 0x0000, 0x0000, 0x0000, 0x0000, 0x0000, 0x0000, 0x0000, 0x0000, 0x0000,
  0x0000, 0x0000, 0x0000, 0x0000, 0x0000, 0x0000, 0x0000, 0x0000, 0x0000, 0xFFFF, 0xFFFF, 0x0000, 0xFFFF, 0xFFFF, 0xFFFF, 0xFFFF,
  0xFFFF, 0xFFFF, 0xFFFF, 0xFFFF, 0xFFFF, 0xFFFF, 0xFFFF, 0xFFFF, 0xFFFF, 0xFFFF, 0xFFFF, 0xFFFF, 0xFFFF, 0xFFFF, 0xFFFF, 0xFFFF,
  0xFFFF, 0xFFFF, 0xFFFF, 0xFFFF, 0xFFFF, 0xFFFF, 0xFFFF, 0xFFFF, 0xFFFF, 0xFFFF, 0xFFFF, 0xFFFF, 0xFFFF, 0xFFFF, 0xFFFF, 0xFFFF,
  0xFFFF, 0xFFFF, 0xFFFF, 0xFFFF, 0x0000, 0xFFFF, 0xFFFF, 0x0000, 0x0000, 0x0000, 0x0000, 0x0000, 0x0000, 0x0000, 0x0000, 0x0000,
  0x0000, 0x0000, 0x0000, 0x0000, 0x0000, 0x0000, 0x0000, 0x0000, 0xFFFF, 0xFFFF, 0x0000, 0xFFFF, 0xFFFF, 0xFFFF, 0xFFFF, 0xFFFF,
  0xFFFF, 0xFFFF, 0xFFFF, 0xFFFF, 0xFFFF, 0xFFFF, 0xFFFF, 0xFFFF, 0xFFFF, 0xFFFF, 0xFFFF, 0xFFFF, 0xFFFF, 0xFFFF, 0xFFFF, 0xFFFF,
  0xFFFF, 0xFFFF, 0xFFFF, 0xFFFF, 0xFFFF, 0xFFFF, 0xFFFF, 0xFFFF, 0xFFFF, 0xFFFF, 0xFFFF, 0xFFFF, 0xFFFF, 0xFFFF, 0xFFFF, 0xFFFF,
  0xFFFF, 0xFFFF, 0xFFFF, 0xFFFF, 0xFFFF, 0x0000, 0xFFFF, 0xFFFF, 0x0000, 0x0000, 0x0000, 0x0000, 0x0000, 0x0000, 0x0000, 0x0000,
  0x0000, 0x0000, 0x0000, 0x0000, 0x0000, 0x0000, 0x0000, 0xFFFF, 0xFFFF, 0x0000, 0xFFFF, 0xFFFF, 0xFFFF, 0xFFFF, 0xFFFF, 0xFFFF,
  0xFFFF, 0xFFFF, 0xFFFF, 0xFFFF, 0xFFFF, 0xFFFF, 0xFFFF, 0xFFFF, 0xFFFF, 0xFFFF, 0xFFFF, 0xFFFF, 0xFFFF, 0xFFFF, 0xFFFF, 0xFFFF,
  0xFFFF, 0xFFFF, 0xFFFF, 0xFFFF, 0xFFFF, 0xFFFF, 0xFFFF, 0xFFFF, 0xFFFF, 0xFFFF, 0xFFFF, 0xFFFF, 0xFFFF, 0xFFFF, 0xFFFF, 0xFFFF,
  0xFFFF, 0xFFFF, 0xFFFF, 0xFFFF, 0xFFFF, 0xFFFF, 0x0000, 0xFFFF, 0xFFFF, 0x0000, 0x0000, 0x0000, 0x0000, 0x0000, 0x0000, 0x0000,
  0x0000, 0x0000, 0x0000, 0x0000, 0x0000, 0x0000, 0xFFFF, 0xFFFF, 0x0000, 0xFFFF, 0xFFFF, 0xFFFF, 0xFFFF, 0xFFFF, 0xFFFF, 0xFFFF,
  0xFFFF, 0xFFFF, 0xFFFF, 0xFFFF, 0xFFFF, 0xFFFF, 0xFFFF, 0xFFFF, 0xFFFF, 0xFFFF, 0xFFFF, 0xFFFF, 0xFFFF, 0xFFFF, 0xFFFF, 0xFFFF,
  0xFFFF, 0xFFFF, 0xFFFF, 0xFFFF, 0xFFFF, 0xFFFF, 0xFFFF, 0xFFFF, 0xFFFF, 0xFFFF, 0xFFFF, 0xFFFF, 0xFFFF, 0xFFFF, 0xFFFF, 0xFFFF,
  0xFFFF, 0xFFFF, 0xFFFF, 0xFFFF, 0xFFFF, 0xFFFF, 0xFFFF, 0x0000, 0xFFFF, 0xFFFF, 0x0000, 0x0000, 0x0000, 0x0000, 0x0000, 0x0000,
  0x0000, 0x0000, 0x0000, 0x0000, 0x0000, 0xFFFF, 0xFFFF, 0x0000, 0xFFFF, 0xFFFF, 0xFFFF, 0xFFFF, 0xFFFF, 0xFFFF, 0xFFFF, 0xFFFF,
  0xFFFF, 0xFFFF, 0xFFFF, 0xFFFF, 0xFFFF, 0xFFFF, 0xFFFF, 0xFFFF, 0xFFFF, 0xFFFF, 0xFFFF, 0xFFFF, 0xFFFF, 0xFFFF, 0xFFFF, 0xFFFF,
  0xFFFF, 0xFFFF, 0xFFFF, 0xFFFF, 0xFFFF, 0xFFFF, 0xFFFF, 0xFFFF, 0xFFFF, 0xFFFF, 0xFFFF, 0xFFFF, 0xFFFF, 0xFFFF, 0xFFFF, 0xFFFF,
  0xFFFF, 0xFFFF, 0xFFFF, 0xFFFF, 0xFFFF, 0xFFFF, 0xFFFF, 0xFFFF, 0x0000, 0xFFFF, 0xFFFF, 0x0000, 0x0000, 0x0000, 0x0000, 0x0000,
  0x0000, 0x0000, 0x0000, 0x0000, 0x0000, 0xFFFF, 0x0000, 0xFFFF, 0xFFFF, 0xFFFF, 0xFFFF, 0xFFFF, 0xFFFF, 0xFFFF, 0xFFFF, 0xFFFF,
  0xFFFF, 0xFFFF, 0xFFFF, 0xFFFF, 0xFFFF, 0xFFFF, 0xFFFF, 0xFFFF, 0xFFFF, 0xFFFF, 0xFFFF, 0xFFFF, 0xFFFF, 0xFFFF, 0xFFFF, 0xFFFF,
  0xFFFF, 0xFFFF, 0xFFFF, 0xFFFF, 0xFFFF, 0xFFFF, 0xFFFF, 0xFFFF, 0xFFFF, 0xFFFF, 0xFFFF, 0xFFFF, 0xFFFF, 0xFFFF, 0xFFFF, 0xFFFF,
  0xFFFF, 0xFFFF, 0xFFFF, 0xFFFF, 0xFFFF, 0xFFFF, 0xFFFF, 0xFFFF, 0xFFFF, 0x0000, 0xFFFF, 0x0000, 0x0000, 0x0000, 0x0000, 0x0000,
  0x0000, 0x0000, 0x0000, 0x0000, 0xFFFF, 0x0000, 0xFFFF, 0xFFFF, 0xFFFF, 0xFFFF, 0xFFFF, 0xFFFF, 0xFFFF, 0xFFFF, 0xFFFF, 0xFFFF,
  0xFFFF, 0xFFFF, 0xFFFF, 0xFFFF, 0xFFFF, 0xFFFF, 0xFFFF, 0xFFFF, 0xFFFF, 0xFFFF, 0xFFFF, 0xFFFF, 0xFFFF, 0xFFFF, 0xFFFF, 0xFFFF,
  0xFFFF, 0xFFFF, 0xFFFF, 0xFFFF, 0xFFFF, 0xFFFF, 0xFFFF, 0xFFFF, 0xFFFF, 0xFFFF, 0xFFFF, 0xFFFF, 0xFFFF, 0xFFFF, 0xFFFF, 0xFFFF,
  0xFFFF, 0xFFFF, 0xFFFF, 0xFFFF, 0xFFFF, 0xFFFF, 0xFFFF, 0xFFFF, 0xFFFF, 0xFFFF, 0x0000, 0xFFFF, 0x0000, 0x0000, 0x0000, 0x0000,
  0x0000, 0x0000, 0x0000, 0xFFFF, 0x0000, 0xFFFF, 0xFFFF, 0xFFFF, 0xFFFF, 0xFFFF, 0xFFFF, 0xFFFF, 0xFFFF, 0xFFFF, 0xFFFF, 0xFFFF,
  0xFFFF, 0xFFFF, 0xFFFF, 0xFFFF, 0xFFFF, 0xFFFF, 0xFFFF, 0xFFFF, 0xFFFF, 0xFFFF, 0xFFFF, 0xFFFF, 0xFFFF, 0xFFFF, 0xFFFF, 0xFFFF,
  0xFFFF, 0xFFFF, 0xFFFF, 0xFFFF, 0xFFFF, 0xFFFF, 0xFFFF, 0xFFFF, 0xFFFF, 0xFFFF, 0xFFFF, 0xFFFF, 0xFFFF, 0xFFFF, 0xFFFF, 0xFFFF,
  0xFFFF, 0xFFFF, 0xFFFF, 0xFFFF, 0xFFFF, 0xFFFF, 0xFFFF, 0xFFFF, 0xFFFF, 0xFFFF, 0xFFFF, 0x0000, 0xFFFF, 0x0000, 0x0000, 0x0000,
  0x0000, 0x0000, 0x0000, 0xFFFF, 0xFFFF, 0xFFFF, 0xFFFF, 0xFFFF, 0xFFFF, 0xFFFF, 0xFFFF, 0xFFFF, 0xFFFF, 0xFFFF, 0xFFFF, 0xFFFF,
  0xFFFF, 0xFFFF, 0xFFFF, 0xFFFF, 0xFFFF, 0xFFFF, 0xFFFF, 0xFFFF, 0xFFFF, 0xFFFF, 0xFFFF, 0xFFFF, 0xFFFF, 0xFFFF, 0xFFFF, 0xFFFF,
  0xFFFF, 0xFFFF, 0xFFFF, 0xFFFF, 0xFFFF, 0xFFFF, 0xFFFF, 0xFFFF, 0xFFFF, 0xFFFF, 0xFFFF, 0xFFFF, 0xFFFF, 0xFFFF, 0xFFFF, 0xFFFF,
  0xFFFF, 0xFFFF, 0xFFFF, 0xFFFF, 0xFFFF, 0xFFFF, 0xFFFF, 0xFFFF, 0xFFFF, 0xFFFF, 0xFFFF, 0xFFFF, 0xFFFF, 0x0000, 0x0000, 0x0000,
  0x0000, 0x0000, 0xFFFF, 0x0000, 0xFFFF, 0xFFFF, 0xFFFF, 0xFFFF, 0xFFFF, 0xFFFF, 0xFFFF, 0xFFFF, 0xFFFF, 0xFFFF, 0xFFFF, 0xFFFF,
  0xFFFF, 0xFFFF, 0xFFFF, 0xFFFF, 0xFFFF, 0xFFFF, 0xFFFF, 0xFFFF, 0xFFFF, 0xFFFF, 0xFFFF, 0xFFFF, 0xFFFF, 0xFFFF, 0xFFFF, 0xFFFF,
  0xFFFF, 0xFFFF, 0xFFFF, 0xFFFF, 0xFFFF, 0xFFFF, 0xFFFF, 0xFFFF, 0xFFFF, 0xFFFF, 0xFFFF, 0xFFFF, 0xFFFF, 0xFFFF, 0xFFFF, 0xFFFF,
  0xFFFF, 0xFFFF, 0xFFFF, 0xFFFF, 0xFFFF, 0xFFFF, 0xFFFF, 0xFFFF, 0xFFFF, 0xFFFF, 0xFFFF, 0xFFFF, 0x0000, 0xFFFF, 0x0000, 0x0000,
  0x0000, 0xFFFF, 0xFFFF, 0xFFFF, 0xFFFF, 0xFFFF, 0xFFFF, 0xFFFF, 0xFFFF, 0xFFFF, 0xFFFF, 0xFFFF, 0xFFFF, 0xFFFF, 0xFFFF, 0xFFFF,
  0xFFFF, 0xFFFF, 0xFFFF, 0xFFFF, 0xFFFF, 0xFFFF, 0xFFFF, 0xFFFF, 0xFFFF, 0xFFFF, 0xFFFF, 0xFFFF, 0xFFFF, 0xFFFF, 0xFFFF, 0xFFFF,
  0xFFFF, 0xFFFF, 0xFFFF, 0xFFFF, 0xFFFF, 0xFFFF, 0xFFFF, 0xFFFF, 0xFFFF, 0xFFFF, 0xFFFF, 0xFFFF, 0xFFFF, 0xFFFF, 0xFFFF, 0xFFFF,
  0xFFFF, 0xFFFF, 0xFFFF, 0xFFFF, 0xFFFF, 0xFFFF, 0xFFFF, 0xFFFF, 0xFFFF, 0xFFFF, 0xFFFF, 0xFFFF, 0xFFFF, 0xFFFF, 0xFFFF, 0x0000,
  0x0000, 0xFFFF, 0x0000, 0xFFFF, 0xFFFF, 0xFFFF, 0xFFFF, 0xFFFF, 0xFFFF, 0xFFFF, 0xFFFF, 0xFFFF, 0xFFFF, 0xFFFF, 0xFFFF, 0xFFFF,
  0xFFFF, 0xFFFF, 0xFFFF, 0xFFFF, 0xFFFF, 0xFFFF, 0xFFFF, 0xFFFF, 0xFFFF, 0xFFFF, 0xFFFF, 0xFFFF, 0xFFFF, 0xFFFF, 0xFFFF, 0xFFFF,
  0xFFFF, 0xFFFF, 0xFFFF, 0xFFFF, 0xFFFF, 0xFFFF, 0xFFFF, 0xFFFF, 0xFFFF, 0xFFFF, 0xFFFF, 0xFFFF, 0xFFFF, 0xFFFF, 0xFFFF, 0xFFFF,
  0xFFFF, 0xFFFF, 0xFFFF, 0xFFFF, 0xFFFF, 0xFFFF, 0xFFFF, 0xFFFF, 0xFFFF, 0xFFFF, 0xFFFF, 0xFFFF, 0xFFFF, 0x0000, 0xFFFF, 0x0000,
  0xFFFF, 0xFFFF, 0xFFFF, 0xFFFF, 0xFFFF, 0xFFFF, 0xFFFF, 0xFFFF, 0xFFFF, 0xFFFF, 0xFFFF, 0xFFFF, 0xFFFF, 0xFFFF, 0xFFFF, 0xFFFF,
  0xFFFF, 0xFFFF, 0xFFFF, 0xFFFF, 0xFFFF, 0xFFFF, 0xFFFF, 0xFFFF, 0xFFFF, 0xFFFF, 0xFFFF, 0xFFFF, 0xFFFF, 0xFFFF, 0xFFFF, 0xFFFF,
  0xFFFF, 0xFFFF, 0xFFFF, 0xFFFF, 0xFFFF, 0xFFFF, 0xFFFF, 0xFFFF, 0xFFFF, 0xFFFF, 0xFFFF, 0xFFFF, 0xFFFF, 0xFFFF, 0xFFFF, 0xFFFF,
  0xFFFF, 0xFFFF, 0xFFFF, 0xFFFF, 0xFFFF, 0xFFFF, 0xFFFF, 0xFFFF, 0xFFFF, 0xFFFF, 0xFFFF, 0xFFFF, 0xFFFF, 0xFFFF, 0xFFFF, 0xFFFF,
  0xFFFF, 0x0000, 0xFFFF, 0xFFFF, 0xFFFF, 0xFFFF, 0xFFFF, 0xFFFF, 0xFFFF, 0xFFFF, 0xFFFF, 0xFFFF, 0xFFFF, 0xFFFF, 0xFFFF, 0xFFFF,
  0xFFFF, 0xB5D7, 0x9CD3, 0xA535, 0x9CF4, 0xD6DB, 0xFFFF, 0xFFFF, 0xFFFF, 0xFFFF, 0xFFFF, 0xFFFF, 0xFFFF, 0xFFFF, 0xFFFF, 0xFFFF,
  0xFFFF, 0xFFFF, 0xFFFF, 0xFFFF, 0xFFFF, 0xFFFF, 0xFFFF, 0xFFFF, 0xFFFF, 0xE75D, 0x9D14, 0xA535, 0x9CF4, 0xAD75, 0xFFDF, 0xFFFF,
  0xFFFF, 0xFFFF, 0xFFFF, 0xFFFF, 0xFFFF, 0xFFFF, 0xFFFF, 0xFFFF, 0xFFFF, 0xFFFF, 0xFFFF, 0xFFFF, 0xFFFF, 0xFFFF, 0x0000, 0xFFFF,
  0xFFFF, 0xFFFF, 0xFFFF, 0xFFFF, 0xFFFF, 0xFFFF, 0xFFFF, 0xFFFF, 0xFFFF, 0xFFFF, 0xFFFF, 0xFFFF, 0xFFFF, 0xFFFF, 0xFFFF, 0xFFFF,
  0xFFFF, 0xCE79, 0x2987, 0x10C3, 0x18E4, 0x31C7, 0xD69A, 0xFFFF, 0xFFFF, 0xFFFF, 0xFFFF, 0xFFFF, 0xFFFF, 0xFFFF, 0xFFFF, 0xFFFF,
  0xFFFF, 0xFFFF, 0xFFFF, 0xFFFF, 0xFFFF, 0xFFFF, 0xFFFF, 0xFFFF, 0xE75D, 0x4A6A, 0x10E4, 0x10E4, 0x1905, 0xB596, 0xFFFF, 0xFFFF,
  0xFFFF, 0xFFFF, 0xFFFF, 0xFFFF, 0xFFFF, 0xFFFF, 0xFFFF, 0xFFFF, 0xFFFF, 0xFFFF, 0xFFFF, 0xFFFF, 0xFFFF, 0xFFFF, 0xFFFF, 0xFFFF,
  0x0000, 0xFFFF, 0xFFFF, 0xFFFF, 0xFFFF, 0xFFFF, 0xFFFF, 0xFFFF, 0xFFFF, 0xFFFF, 0xFFFF, 0xFFFF, 0xFFFF, 0xFFFF, 0xFFFF, 0xFFFF,
  0xFFFF, 0xFFFF, 0xDEDB, 0x39E8, 0x1925, 0x1925, 0x31C7, 0xD69A, 0xFFFF, 0xFFFF, 0xFFFF, 0xFFFF, 0xFFFF, 0xFFFF, 0xFFFF, 0xFFFF,
  0xFFFF, 0xFFFF, 0xFFFF, 0xFFFF, 0xFFFF, 0xFFFF, 0xFFFF, 0xE75D, 0x4A6A, 0x1904, 0x2145, 0x2966, 0xBE18, 0xFFFF, 0xFFFF, 0xFFFF,
  0xFFFF, 0xFFFF, 0xFFFF, 0xFFFF, 0xFFFF, 0xFFFF, 0xFFFF, 0xFFFF, 0xFFFF, 0xFFFF, 0xFFFF, 0xFFFF, 0xFFFF, 0xFFFF, 0xFFFF, 0x0000,
  0x0000, 0xFFFF, 0xFFFF, 0xFFFF, 0xFFFF, 0xFFFF, 0xFFFF, 0xFFFF, 0xFFFF, 0xFFFF, 0xFFFF, 0xFFFF, 0xFFFF, 0xFFFF, 0xFFFF, 0xFFFF,
  0xFFFF, 0xFFFF, 0xFFFF, 0xD6BB, 0x31E8, 0x1925, 0x1925, 0x31C7, 0xD69A, 0xFFFF, 0xFFFF, 0xFFFF, 0xFFFF, 0xFFFF, 0xFFFF, 0xFFFF,
  0xFFFF, 0xFFFF, 0xFFFF, 0xFFFF, 0xFFFF, 0xFFFF, 0xE75D, 0x4A6A, 0x1904, 0x2145, 0x2166, 0xBDF8, 0xFFFF, 0xFFFF, 0xFFFF, 0xFFFF,
  0xFFFF, 0xFFFF, 0xFFFF, 0xFFFF, 0xFFFF, 0xFFFF, 0xFFFF, 0xFFFF, 0xFFFF, 0xFFFF, 0xFFFF, 0xFFFF, 0xFFFF, 0xFFFF, 0xFFFF, 0x0000,
  0xFFFF, 0xFFFF, 0xFFFF, 0xFFFF, 0xFFFF, 0xFFFF, 0xFFFF, 0xFFFF, 0xFFFF, 0xFFFF, 0xFFFF, 0xFFFF, 0xFFFF, 0xFFFF, 0xFFFF, 0xFFFF,
  0xFFFF, 0xFFFF, 0xFFFF, 0xFFFF, 0xD6BB, 0x31E8, 0x1925, 0x1925, 0x31C7, 0xD69A, 0xFFFF, 0xFFFF, 0xFFFF, 0xFFFF, 0xFFFF, 0xFFFF,
  0xFFFF, 0xFFFF, 0xFFFF, 0xFFFF, 0xFFFF, 0xE75D, 0x4A6A, 0x1904, 0x2145, 0x2166, 0xBDF8, 0xFFFF, 0xFFFF, 0xFFFF, 0xFFFF, 0xFFFF,
  0xFFFF, 0xFFFF, 0xFFFF, 0xFFFF, 0xFFFF, 0xFFFF, 0xFFFF, 0xFFFF, 0xFFFF, 0xFFFF, 0xFFFF, 0xFFFF, 0xFFFF, 0xFFFF, 0xFFFF, 0xFFFF,
  0xFFFF, 0xFFFF, 0xFFFF, 0xFFFF, 0xFFFF, 0xFFFF, 0xFFFF, 0xFFFF, 0xFFFF, 0xFFFF, 0xFFFF, 0xFFFF, 0xFFFF, 0xFFFF, 0xFFFF, 0xFFFF,
  0xFFFF, 0xFFFF, 0xFFFF, 0xFFFF, 0xFFFF, 0xD6BB, 0x31E8, 0x1925, 0x1925, 0x31C7, 0xD69A, 0xFFFF, 0xFFFF, 0xFFFF, 0xFFFF, 0xFFFF,
  0xFFFF, 0xFFFF, 0xFFFF, 0xFFFF, 0xE75D, 0x4A6A, 0x1904, 0x2145, 0x2166, 0xBDF7, 0xFFFF, 0xFFFF, 0xFFFF, 0xFFFF, 0xFFFF, 0xFFFF,
  0xFFFF, 0xFFFF, 0xFFFF, 0xFFFF, 0xFFFF, 0xFFFF, 0xFFFF, 0xFFFF, 0xFFFF, 0xFFFF, 0xFFFF, 0xFFFF, 0xFFFF, 0xFFFF, 0xFFFF, 0xFFFF,
  0xFFFF, 0xFFFF, 0xFFFF, 0xFFFF, 0xFFFF, 0xFFFF, 0xFFFF, 0xFFFF, 0xFFFF, 0xFFFF, 0xFFFF, 0xFFFF, 0xFFFF, 0xFFFF, 0xFFFF, 0xFFFF,
  0xFFFF, 0xFFFF, 0xFFFF, 0xFFFF, 0xFFFF, 0xFFFF, 0xD6BB, 0x31E8, 0x1925, 0x1925, 0x31C7, 0xD69A, 0xFFFF, 0xFFFF, 0xFFFF, 0xFFFF,
  0xFFFF, 0xFFFF, 0xFFFF, 0xE73D, 0x4A6A, 0x1904, 0x2145, 0x2166, 0xBDF8, 0xFFFF, 0xFFFF, 0xFFFF, 0xFFFF, 0xFFFF, 0xFFFF, 0xFFFF,
  0xFFFF, 0xFFFF, 0xFFFF, 0xFFFF, 0xFFFF, 0xFFFF, 0xFFFF, 0xFFFF, 0xFFFF, 0xFFFF, 0xFFFF, 0xFFFF, 0xFFFF, 0xFFFF, 0xFFFF, 0xFFFF,
  0xFFFF, 0xFFFF, 0xFFFF, 0xFFFF, 0xFFFF, 0xFFFF, 0xFFFF, 0xFFFF, 0xFFFF, 0xFFFF, 0xFFFF, 0xFFFF, 0xFFFF, 0xFFFF, 0xFFFF, 0xFFFF,
  0xFFFF, 0xFFFF, 0xFFFF, 0xFFFF, 0xFFFF, 0xFFFF, 0xFFFF, 0xD6BB, 0x31E8, 0x1925, 0x1925, 0x31C7, 0xBDF8, 0xFFFF, 0xFFFF, 0xFFFF,
  0xFFFF, 0xFFFF, 0xD69A, 0x4249, 0x1905, 0x2145, 0x2166, 0xBDF8, 0xFFFF, 0xFFFF, 0xFFFF, 0xFFFF, 0xFFFF, 0xFFFF, 0xFFFF, 0xFFFF,
  0xFFFF, 0xFFFF, 0xFFFF, 0xFFFF, 0xFFFF, 0xFFFF, 0xFFFF, 0xFFFF, 0xFFFF, 0xFFFF, 0xFFFF, 0xFFFF, 0xFFFF, 0xFFFF, 0xFFFF, 0xFFFF,
  0xFFFF, 0xFFFF, 0xFFFF, 0xFFFF, 0xFFFF, 0xFFFF, 0xFFFF, 0xFFFF, 0xFFFF, 0xFFFF, 0xFFFF, 0xFFFF, 0xFFFF, 0xFFFF, 0xFFFF, 0xFFFF,
  0xFFFF, 0xFFFF, 0xFFFF, 0xFFFF, 0xFFFF, 0xFFFF, 0xFFFF, 0xFFFF, 0xD6BB, 0x31E8, 0x1905, 0x2145, 0x2145, 0x6B8E, 0xB5B7, 0xCE59,
  0xBDD7, 0x7C10, 0x2987, 0x1925, 0x2125, 0x2166, 0xBDF8, 0xFFFF, 0xFFFF, 0xFFFF, 0xFFFF, 0xFFFF, 0xFFFF, 0xFFFF, 0xFFFF, 0xFFFF,
  0xFFFF, 0xFFFF, 0xFFFF, 0xFFFF, 0xFFFF, 0xFFFF, 0xFFFF, 0xFFFF, 0xFFFF, 0xFFFF, 0xFFFF, 0xFFFF, 0xFFFF, 0xFFFF, 0xFFFF, 0xFFFF,
  0xFFFF, 0xFFFF, 0xFFFF, 0xFFFF, 0xFFFF, 0xFFFF, 0xFFFF, 0xFFFF, 0xFFFF, 0xFFFF, 0xFFFF, 0xFFFF, 0xFFFF, 0xFFFF, 0xFFFF, 0xFFFF,
  0xFFFF, 0xFFFF, 0xFFFF, 0xFFFF, 0xFFFF, 0xFFFF, 0xFFFF, 0xFFFF, 0xFFFF, 0xD6BB, 0x39E8, 0x10E4, 0x2145, 0x1904, 0x1905, 0x2146,
  0x1925, 0x18E4, 0x2145, 0x18E4, 0x2986, 0xBDF8, 0xFFFF, 0xFFFF, 0xFFFF, 0xFFFF, 0xFFFF, 0xFFFF, 0xFFFF, 0xFFFF, 0xFFFF, 0xFFFF,
  0xFFFF, 0xFFFF, 0xFFFF, 0xFFFF, 0xFFFF, 0xFFFF, 0xFFFF, 0xFFFF, 0xFFFF, 0xFFFF, 0xFFFF, 0xFFFF, 0xFFFF, 0xFFFF, 0xFFFF, 0xFFFF,
  0xFFFF, 0xFFFF, 0xFFFF, 0xFFFF, 0xFFFF, 0xFFFF, 0xFFFF, 0xFFFF, 0xFFFF, 0xFFFF, 0xFFFF, 0xFFFF, 0xFFFF, 0xFFFF, 0xFFFF, 0xFFFF,
  0xFFFF, 0xFFFF, 0xFFFF, 0xFFFF, 0xFFFF, 0xFFFF, 0xFFFF, 0xFFFF, 0xFFFF, 0xFFFF, 0xE71C, 0x634D, 0x2125, 0x18E4, 0x1904, 0x18E4,
  0x18E4, 0x1904, 0x1925, 0x5B0C, 0xD6BA, 0xFFFF, 0xFFFF, 0xFFFF, 0xFFFF, 0xFFFF, 0xFFFF, 0xFFFF, 0xFFFF, 0xFFFF, 0xFFFF, 0xFFFF,
  0xFFFF, 0xFFFF, 0xFFFF, 0xFFFF, 0xFFFF, 0xFFFF, 0xFFFF, 0xFFFF, 0xFFFF, 0xFFFF, 0xFFFF, 0xFFFF, 0xFFFF, 0xFFFF, 0xFFFF, 0xFFFF,
  0xFFFF, 0xFFFF, 0xFFFF, 0xFFFF, 0xFFFF, 0xFFFF, 0xFFFF, 0xFFFF, 0xFFFF, 0xFFFF, 0xFFFF, 0xFFFF, 0xFFFF, 0xFFFF, 0xFFFF, 0xFFFF,
  0xFFFF, 0xFFFF, 0xFFFF, 0xFFFF, 0xFFFF, 0xFFFF, 0xFFFF, 0xFFFF, 0xFFFF, 0xFFFF, 0xFFFF, 0xFFFF, 0xCE79, 0x8C72, 0x634D, 0x52CB,
  0x632D, 0x8431, 0xC638, 0xFFFF, 0xFFFF, 0xFFFF, 0xFFFF, 0xFFFF, 0xFFFF, 0xFFFF, 0xFFFF, 0xFFFF, 0xFFFF, 0xFFFF, 0xFFFF, 0xFFFF,
  0xFFFF, 0xFFFF, 0xFFFF, 0xFFFF, 0xFFFF, 0xFFFF, 0xFFFF, 0xFFFF, 0xFFFF, 0xFFFF, 0xFFFF, 0xFFFF, 0xFFFF, 0xFFFF, 0xFFFF, 0xFFFF,
  0xFFFF, 0xFFFF, 0xFFFF, 0xFFFF, 0xFFFF, 0xFFFF, 0xFFFF, 0xFFFF, 0xFFFF, 0xFFFF, 0xFFFF, 0xFFFF, 0xFFFF, 0xFFFF, 0xFFFF, 0xFFFF,
  0xFFFF, 0xFFFF, 0xFFFF, 0xFFFF, 0xFFFF, 0xFFFF, 0xFFFF, 0xFFFF, 0xFFFF, 0xFFFF, 0xFFFF, 0xFFFF, 0xFFFF, 0xFFFF, 0xFFFF, 0xFFFF,
  0xFFFF, 0xFFFF, 0xFFFF, 0xFFFF, 0xFFFF, 0xFFFF, 0xFFFF, 0xFFFF, 0xFFFF, 0xFFFF, 0xFFFF, 0xFFFF, 0xFFFF, 0xFFFF, 0xFFFF, 0xFFFF,
  0xFFFF, 0xFFFF, 0xFFFF, 0xFFFF, 0xFFFF, 0xFFFF, 0xFFFF, 0xFFFF, 0xFFFF, 0xFFFF, 0xFFFF, 0xFFFF, 0xFFFF, 0xFFFF, 0xFFFF, 0xFFFF,
  0xFFFF, 0xFFFF, 0xFFFF, 0xFFFF, 0xFFFF, 0xFFFF, 0xFFFF, 0xFFFF, 0xFFFF, 0xFFFF, 0xFFFF, 0xFFFF, 0xFFFF, 0xFFFF, 0xFFFF, 0xFFFF,
  0xFFFF, 0xFFFF, 0xFFFF, 0xFFFF, 0xFFFF, 0xFFFF, 0xFFFF, 0xFFFF, 0xFFFF, 0xFFFF, 0xFFFF, 0xFFFF, 0xFFFF, 0xF7BE, 0xDEFB, 0xD69A,
  0xD6BB, 0xEF7D, 0xFFFF, 0xFFFF, 0xFFFF, 0xFFFF, 0xFFFF, 0xFFFF, 0xFFFF, 0xFFFF, 0xFFFF, 0xFFFF, 0xFFFF, 0xFFFF, 0xFFFF, 0xFFFF,
  0xFFFF, 0xFFFF, 0xFFFF, 0xFFFF, 0xFFFF, 0xFFFF, 0xFFFF, 0xFFFF, 0xFFFF, 0xFFFF, 0xFFFF, 0xFFFF, 0xFFFF, 0xFFFF, 0xFFFF, 0xFFFF,
  0xFFFF, 0xFFFF, 0xFFFF, 0xFFFF, 0xFFFF, 0xFFFF, 0xFFFF, 0xFFFF, 0xFFFF, 0xFFFF, 0xFFFF, 0xFFFF, 0xFFFF, 0xFFFF, 0xFFFF, 0xFFFF,
  0xFFFF, 0xFFFF, 0xFFFF, 0xFFFF, 0xFFFF, 0xFFFF, 0xFFFF, 0xFFFF, 0xFFFF, 0xFFFF, 0xFFFF, 0xE73C, 0x8451, 0x4249, 0x2987, 0x2966,
  0x2986, 0x3A08, 0x73AF, 0xCE9A, 0xFFFF, 0xFFFF, 0xFFFF, 0xFFFF, 0xFFFF, 0xFFFF, 0xFFFF, 0xFFFF, 0xFFFF, 0xFFFF, 0xFFFF, 0xFFFF,
  0xFFFF, 0xFFFF, 0xFFFF, 0xFFFF, 0xFFFF, 0xFFFF, 0xFFFF, 0xFFFF, 0xFFFF, 0xFFFF, 0xFFFF, 0xFFFF, 0xFFFF, 0xFFFF, 0xFFFF, 0xFFFF,
  0xFFFF, 0xFFFF, 0xFFFF, 0xFFFF, 0xFFFF, 0xFFFF, 0xFFFF, 0xFFFF, 0xFFFF, 0xFFFF, 0xFFFF, 0xFFFF, 0xFFFF, 0xFFFF, 0xFFFF, 0xFFFF,
  0xFFFF, 0xFFFF, 0xFFFF, 0xFFFF, 0xFFFF, 0xFFFF, 0xFFFF, 0xFFFF, 0xFFFF, 0xFFFF, 0xAD76, 0x31A7, 0x18E4, 0x1925, 0x1905, 0x18E4,
  0x1904, 0x1925, 0x18E4, 0x2145, 0x8C51, 0xFFFF, 0xFFFF, 0xFFFF, 0xFFFF, 0xFFFF, 0xFFFF, 0xFFFF, 0xFFFF, 0xFFFF, 0xFFFF, 0xFFFF,
  0xFFFF, 0xFFFF, 0xFFFF, 0xFFFF, 0xFFFF, 0xFFFF, 0xFFFF, 0xFFFF, 0xFFFF, 0xFFFF, 0xFFFF, 0xFFFF, 0xFFFF, 0xFFFF, 0xFFFF, 0xFFFF,
  0xFFFF, 0xFFFF, 0xFFFF, 0xFFFF, 0xFFFF, 0xFFFF, 0xFFFF, 0xFFFF, 0xFFFF, 0xFFFF, 0xFFFF, 0xFFFF, 0xFFFF, 0xFFFF, 0xFFFF, 0xFFFF,
  0xFFFF, 0xFFFF, 0xFFFF, 0xFFFF, 0xFFFF, 0xFFFF, 0xFFFF, 0xFFFF, 0xFFFF, 0x94D3, 0x1904, 0x2125, 0x1925, 0x1925, 0x3A09, 0x52AB,
  0x424A, 0x2146, 0x1905, 0x2146, 0x10C4, 0x73AF, 0xFFFF, 0xFFFF, 0xFFFF, 0xFFFF, 0xFFFF, 0xFFFF, 0xFFFF, 0xFFFF, 0xFFFF, 0xFFFF,
  0xFFFF, 0xFFFF, 0xFFFF, 0xFFFF, 0xFFFF, 0xFFFF, 0xFFFF, 0xFFFF, 0xFFFF, 0xFFFF, 0xFFFF, 0xFFFF, 0xFFFF, 0xFFFF, 0xFFFF, 0xFFFF,
  0xFFFF, 0xFFFF, 0xFFFF, 0xFFFF, 0xFFFF, 0xFFFF, 0xFFFF, 0xFFFF, 0xFFFF, 0xFFFF, 0xFFFF, 0xFFFF, 0xFFFF, 0xFFFF, 0xFFFF, 0xFFFF,
  0xFFFF, 0xFFFF, 0xFFFF, 0xFFFF, 0xFFFF, 0xFFFF, 0xFFFF, 0xFFFF, 0x94D3, 0x1904, 0x2166, 0x1904, 0x4A6A, 0xBDF7, 0xEF7D, 0xFFFF,
  0xF7BE, 0xCE9A, 0x6B6E, 0x1904, 0x2966, 0x10E4, 0x73AF, 0xFFFF, 0xFFFF, 0xFFFF, 0xFFFF, 0xFFFF, 0xFFFF, 0xFFFF, 0xFFFF, 0xFFFF,
  0xFFFF, 0xFFFF, 0xFFFF, 0xFFFF, 0xFFFF, 0xFFFF, 0xFFFF, 0xFFFF, 0xFFFF, 0xFFFF, 0xFFFF, 0xFFFF, 0xFFFF, 0xFFFF, 0xFFFF, 0xFFFF,
  0xFFFF, 0xFFFF, 0xFFFF, 0xFFFF, 0xFFFF, 0xFFFF, 0xFFFF, 0xFFFF, 0xFFFF, 0xFFFF, 0xFFFF, 0xFFFF, 0xFFFF, 0xFFFF, 0xFFFF, 0xFFFF,
  0xFFFF, 0xFFFF, 0xFFFF, 0xFFFF, 0xFFFF, 0xFFFF, 0xFFFF, 0x94D3, 0x1904, 0x2166, 0x10E4, 0x5B0C, 0xF79E, 0xFFFF, 0xFFFF, 0xFFFF,
  0xFFFF, 0xFFFF, 0xFFFF, 0x8430, 0x10E4, 0x2966, 0x10E4, 0x73AF, 0xFFFF, 0xFFFF, 0xFFFF, 0xFFFF, 0xFFFF, 0xFFFF, 0xFFFF, 0xFFFF,
  0xFFFF, 0xFFFF, 0xFFFF, 0xFFFF, 0xFFFF, 0xFFFF, 0xFFFF, 0xFFFF, 0xFFFF, 0xFFFF, 0xFFFF, 0xFFFF, 0xFFFF, 0xFFFF, 0xFFFF, 0xFFFF,
  0xFFFF, 0xFFFF, 0xFFFF, 0xFFFF, 0xFFFF, 0xFFFF, 0xFFFF, 0xFFFF, 0xFFFF, 0xFFFF, 0xFFFF, 0xFFFF, 0xFFFF, 0xFFFF, 0xFFFF, 0xFFFF,
  0xFFFF, 0xFFFF, 0xFFFF, 0xFFFF, 0xFFFF, 0xFFFF, 0x94D3, 0x1904, 0x2166, 0x10E4, 0x5B0C, 0xF79E, 0xFFFF, 0xFFFF, 0xFFFF, 0xFFFF,
  0xFFFF, 0xFFFF, 0xFFFF, 0xFFFF, 0x8431, 0x10E4, 0x2966, 0x10E4, 0x73AF, 0xFFFF, 0xFFFF, 0xFFFF, 0xFFFF, 0xFFFF, 0xFFFF, 0xFFFF,
  0xFFFF, 0xFFFF, 0xFFFF, 0xFFFF, 0xFFFF, 0xFFFF, 0xFFFF, 0xFFFF, 0xFFFF, 0xFFFF, 0xFFFF, 0xFFFF, 0xFFFF, 0xFFFF, 0xFFFF, 0xFFFF,
  0xFFFF, 0xFFFF, 0xFFFF, 0xFFFF, 0xFFFF, 0xFFFF, 0xFFFF, 0xFFFF, 0xFFFF, 0xFFFF, 0xFFFF, 0xFFFF, 0xFFFF, 0xFFFF, 0xFFFF, 0xFFFF,
  0xFFFF, 0xFFFF, 0xFFFF, 0xFFFF, 0xFFFF, 0x94D3, 0x1904, 0x2166, 0x10E4, 0x5B0C, 0xF79E, 0xFFFF, 0xFFFF, 0xFFFF, 0xFFFF, 0xFFFF,
  0xFFFF, 0xFFFF, 0xFFFF, 0xFFFF, 0xFFFF, 0x8431, 0x10E4, 0x2166, 0x10E4, 0x73AF, 0xFFFF, 0xFFFF, 0xFFFF, 0xFFFF, 0xFFFF, 0xFFFF,
  0xFFFF, 0xFFFF, 0xFFFF, 0xFFFF, 0xFFFF, 0xFFFF, 0xFFFF, 0xFFFF, 0xFFFF, 0xFFFF, 0xFFFF, 0xFFFF, 0xFFFF, 0xFFFF, 0xFFFF, 0xFFFF,
  0xFFFF, 0xFFFF, 0xFFFF, 0xFFFF, 0xFFFF, 0xFFFF, 0xFFFF, 0xFFFF, 0xFFFF, 0xFFFF, 0xFFFF, 0xFFFF, 0xFFFF, 0xFFFF, 0xFFFF, 0xFFFF,
  0xFFFF, 0xFFFF, 0xFFFF, 0xFFFF, 0x94D3, 0x1904, 0x2166, 0x10E4, 0x5B0C, 0xF79E, 0xFFFF, 0xFFFF, 0xFFFF, 0xFFFF, 0xFFFF, 0xFFFF,
  0xFFFF, 0xFFFF, 0xFFFF, 0xFFFF, 0xFFFF, 0xFFFF, 0x8451, 0x1904, 0x2166, 0x10E4, 0x73AF, 0xFFFF, 0xFFFF, 0xFFFF, 0xFFFF, 0xFFFF,
  0xFFFF, 0xFFFF, 0xFFFF, 0xFFFF, 0xFFFF, 0xFFFF, 0xFFFF, 0xFFFF, 0xFFFF, 0xFFFF, 0xFFFF, 0xFFFF, 0xFFFF, 0xFFFF, 0xFFFF, 0xFFFF,
  0x0000, 0xFFFF, 0xFFFF, 0xFFFF, 0xFFFF, 0xFFFF, 0xFFFF, 0xFFFF, 0xFFFF, 0xFFFF, 0xFFFF, 0xFFFF, 0xFFFF, 0xFFFF, 0xFFFF, 0xFFFF,
  0xFFFF, 0xFFFF, 0xFFFF, 0x94D3, 0x1904, 0x2166, 0x10E4, 0x5B0C, 0xF79E, 0xFFFF, 0xFFFF, 0xFFFF, 0xFFFF, 0xFFFF, 0xFFFF, 0xFFFF,
  0xFFFF, 0xFFFF, 0xFFFF, 0xFFFF, 0xFFFF, 0xFFFF, 0xFFFF, 0x94B2, 0x18E4, 0x2166, 0x10E4, 0x73AF, 0xFFFF, 0xFFFF, 0xFFFF, 0xFFFF,
  0xFFFF, 0xFFFF, 0xFFFF, 0xFFFF, 0xFFFF, 0xFFFF, 0xFFFF, 0xFFFF, 0xFFFF, 0xFFFF, 0xFFFF, 0xFFFF, 0xFFFF, 0xFFFF, 0xFFFF, 0x0000,
  0x0000, 0xFFFF, 0xFFFF, 0xFFFF, 0xFFFF, 0xFFFF, 0xFFFF, 0xFFFF, 0xFFFF, 0xFFFF, 0xFFFF, 0xFFFF, 0xFFFF, 0xFFFF, 0xFFFF, 0xFFFF,
  0xFFFF, 0xFFFF, 0x94B3, 0x18E4, 0x2145, 0x10E4, 0x5B0C, 0xF79E, 0xFFFF, 0xFFFF, 0xFFFF, 0xFFFF, 0xFFFF, 0xFFFF, 0xFFFF, 0xFFFF,
  0xFFFF, 0xFFFF, 0xFFFF, 0xFFFF, 0xFFFF, 0xFFFF, 0xFFFF, 0xFFFF, 0x94B3, 0x18E4, 0x2146, 0x10C4, 0x6B8E, 0xFFDF, 0xFFFF, 0xFFFF,
  0xFFFF, 0xFFFF, 0xFFFF, 0xFFFF, 0xFFFF, 0xFFFF, 0xFFFF, 0xFFFF, 0xFFFF, 0xFFFF, 0xFFFF, 0xFFFF, 0xFFFF, 0xFFFF, 0xFFFF, 0x0000,
  0xFFFF, 0xFFFF, 0xFFFF, 0xFFFF, 0xFFFF, 0xFFFF, 0xFFFF, 0xFFFF, 0xFFFF, 0xFFFF, 0xFFFF, 0xFFFF, 0xFFFF, 0xFFFF, 0xFFFF, 0xFFFF,
  0xFFFF, 0x9D14, 0x2125, 0x2987, 0x2146, 0x5B0D, 0xF79E, 0xFFFF, 0xFFFF, 0xFFFF, 0xFFFF, 0xFFFF, 0xFFFF, 0xFFFF, 0xFFFF, 0xFFFF,
  0xFFFF, 0xFFFF, 0xFFFF, 0xFFFF, 0xFFFF, 0xFFFF, 0xFFFF, 0xFFFF, 0xFFFF, 0x94B3, 0x2166, 0x29A7, 0x1905, 0x7BF0, 0xFFDF, 0xFFFF,
  0xFFFF, 0xFFFF, 0xFFFF, 0xFFFF, 0xFFFF, 0xFFFF, 0xFFFF, 0xFFFF, 0xFFFF, 0xFFFF, 0xFFFF, 0xFFFF, 0xFFFF, 0xFFFF, 0xFFFF, 0xFFFF,
  0xFFFF, 0x0000, 0xFFFF, 0xFFFF, 0xFFFF, 0xFFFF, 0xFFFF, 0xFFFF, 0xFFFF, 0xFFFF, 0xFFFF, 0xFFFF, 0xFFFF, 0xFFFF, 0xFFFF, 0xFFFF,
  0xFFFF, 0xD6BB, 0xD6DB, 0xDEDB, 0xD6BB, 0xF7BF, 0xFFFF, 0xFFFF, 0xFFFF, 0xFFFF, 0xFFFF, 0xFFFF, 0xFFFF, 0xFFFF, 0xFFFF, 0xFFFF,
  0xFFFF, 0xFFFF, 0xFFFF, 0xFFFF, 0xFFFF, 0xFFFF, 0xFFFF, 0xFFFF, 0xFFFF, 0xFFFF, 0xDEFB, 0xD6DB, 0xDEDB, 0xD69A, 0xF7BE, 0xFFFF,
  0xFFFF, 0xFFFF, 0xFFFF, 0xFFFF, 0xFFFF, 0xFFFF, 0xFFFF, 0xFFFF, 0xFFFF, 0xFFFF, 0xFFFF, 0xFFFF, 0xFFFF, 0xFFFF, 0x0000, 0xFFFF,
  0xFFFF, 0xFFFF, 0xFFFF, 0xFFFF, 0xFFFF, 0xFFFF, 0xFFFF, 0xFFFF, 0xFFFF, 0xFFFF, 0xFFFF, 0xFFFF, 0xFFFF, 0xFFFF, 0xFFFF, 0xFFFF,
  0xFFFF, 0xFFFF, 0xFFFF, 0xFFFF, 0xFFFF, 0xFFFF, 0xFFFF, 0xFFFF, 0xFFFF, 0xFFFF, 0xFFFF, 0xFFFF, 0xFFFF, 0xFFFF, 0xFFFF, 0xFFFF,
  0xFFFF, 0xFFFF, 0xFFFF, 0xFFFF, 0xFFFF, 0xFFFF, 0xFFFF, 0xFFFF, 0xFFFF, 0xFFFF, 0xFFFF, 0xFFFF, 0xFFFF, 0xFFFF, 0xFFFF, 0xFFFF,
  0xFFFF, 0xFFFF, 0xFFFF, 0xFFFF, 0xFFFF, 0xFFFF, 0xFFFF, 0xFFFF, 0xFFFF, 0xFFFF, 0xFFFF, 0xFFFF, 0xFFFF, 0xFFFF, 0xFFFF, 0xFFFF,
  0x0000, 0xFFFF, 0x0000, 0xFFFF, 0xFFFF, 0xFFFF, 0xFFFF, 0xFFFF, 0xFFFF, 0xFFFF, 0xFFFF, 0xFFFF, 0xFFFF, 0xFFFF, 0xFFFF, 0xFFFF,
  0xFFFF, 0xFFFF, 0xFFFF, 0xFFFF, 0xFFFF, 0xFFFF, 0xFFFF, 0xFFFF, 0xFFFF, 0xFFFF, 0xFFFF, 0xFFFF, 0xFFFF, 0xFFFF, 0xFFFF, 0xFFFF,
  0xFFFF, 0xFFFF, 0xFFFF, 0xFFFF, 0xFFFF, 0xFFFF, 0xFFFF, 0xFFFF, 0xFFFF, 0xFFFF, 0xFFFF, 0xFFFF, 0xFFFF, 0xFFFF, 0xFFFF, 0xFFFF,
  0xFFFF, 0xFFFF, 0xFFFF, 0xFFFF, 0xFFFF, 0xFFFF, 0xFFFF, 0xFFFF, 0xFFFF, 0xFFFF, 0xFFFF, 0xFFFF, 0xFFFF, 0x0000, 0xFFFF, 0x0000,
  0x0000, 0xFFFF, 0xFFFF, 0xFFFF, 0xFFFF, 0xFFFF, 0xFFFF, 0xFFFF, 0xFFFF, 0xFFFF, 0xFFFF, 0xFFFF, 0xFFFF, 0xFFFF, 0xFFFF, 0xFFFF,
  0xFFFF, 0xFFFF, 0xFFFF, 0xFFFF, 0xFFFF, 0xFFFF, 0xFFFF, 0xFFFF, 0xFFFF, 0xFFFF, 0xFFFF, 0xFFFF, 0xFFFF, 0xFFFF, 0xFFFF, 0xFFFF,
  0xFFFF, 0xFFFF, 0xFFFF, 0xFFFF, 0xFFFF, 0xFFFF, 0xFFFF, 0xFFFF, 0xFFFF, 0xFFFF, 0xFFFF, 0xFFFF, 0xFFFF, 0xFFFF, 0xFFFF, 0xFFFF,
  0xFFFF, 0xFFFF, 0xFFFF, 0xFFFF, 0xFFFF, 0xFFFF, 0xFFFF, 0xFFFF, 0xFFFF, 0xFFFF, 0xFFFF, 0xFFFF, 0xFFFF, 0xFFFF, 0xFFFF, 0x0000,
  0x0000, 0x0000, 0xFFFF, 0x0000, 0xFFFF, 0xFFFF, 0xFFFF, 0xFFFF, 0xFFFF, 0xFFFF, 0xFFFF, 0xFFFF, 0xFFFF, 0xFFFF, 0xFFFF, 0xFFFF,
  0xFFFF, 0xFFFF, 0xFFFF, 0xFFFF, 0xFFFF, 0xFFFF, 0xFFFF, 0xFFFF, 0xFFFF, 0xFFFF, 0xFFFF, 0xFFFF, 0xFFFF, 0xFFFF, 0xFFFF, 0xFFFF,
  0xFFFF, 0xFFFF, 0xFFFF, 0xFFFF, 0xFFFF, 0xFFFF, 0xFFFF, 0xFFFF, 0xFFFF, 0xFFFF, 0xFFFF, 0xFFFF, 0xFFFF, 0xFFFF, 0xFFFF, 0xFFFF,
  0xFFFF, 0xFFFF, 0xFFFF, 0xFFFF, 0xFFFF, 0xFFFF, 0xFFFF, 0xFFFF, 0xFFFF, 0xFFFF, 0xFFFF, 0xFFFF, 0x0000, 0xFFFF, 0x0000, 0x0000,
  0x0000, 0x0000, 0x0000, 0xFFFF, 0xFFFF, 0xFFFF, 0xFFFF, 0xFFFF, 0xFFFF, 0xFFFF, 0xFFFF, 0xFFFF, 0xFFFF, 0xFFFF, 0xFFFF, 0xFFFF,
  0xFFFF, 0xFFFF, 0xFFFF, 0xFFFF, 0xFFFF, 0xFFFF, 0xFFFF, 0xFFFF, 0xFFFF, 0xFFFF, 0xFFFF, 0xFFFF, 0xFFFF, 0xFFFF, 0xFFFF, 0xFFFF,
  0xFFFF, 0xFFFF, 0xFFFF, 0xFFFF, 0xFFFF, 0xFFFF, 0xFFFF, 0xFFFF, 0xFFFF, 0xFFFF, 0xFFFF, 0xFFFF, 0xFFFF, 0xFFFF, 0xFFFF, 0xFFFF,
  0xFFFF, 0xFFFF, 0xFFFF, 0xFFFF, 0xFFFF, 0xFFFF, 0xFFFF, 0xFFFF, 0xFFFF, 0xFFFF, 0xFFFF, 0xFFFF, 0xFFFF, 0x0000, 0x0000, 0x0000,
  0x0000, 0x0000, 0x0000, 0xFFFF, 0x0000, 0xFFFF, 0xFFFF, 0xFFFF, 0xFFFF, 0xFFFF, 0xFFFF, 0xFFFF, 0xFFFF, 0xFFFF, 0xFFFF, 0xFFFF,
  0xFFFF, 0xFFFF, 0xFFFF, 0xFFFF, 0xFFFF, 0xFFFF, 0xFFFF, 0xFFFF, 0xFFFF, 0xFFFF, 0xFFFF, 0xFFFF, 0xFFFF, 0xFFFF, 0xFFFF, 0xFFFF,
  0xFFFF, 0xFFFF, 0xFFFF, 0xFFFF, 0xFFFF, 0xFFFF, 0xFFFF, 0xFFFF, 0xFFFF, 0xFFFF, 0xFFFF, 0xFFFF, 0xFFFF, 0xFFFF, 0xFFFF, 0xFFFF,
  0xFFFF, 0xFFFF, 0xFFFF, 0xFFFF, 0xFFFF, 0xFFFF, 0xFFFF, 0xFFFF, 0xFFFF, 0xFFFF, 0xFFFF, 0x0000, 0xFFFF, 0x0000, 0x0000, 0x0000,
  0x0000, 0x0000, 0x0000, 0x0000, 0xFFFF, 0x0000, 0xFFFF, 0xFFFF, 0xFFFF, 0xFFFF, 0xFFFF, 0xFFFF, 0xFFFF, 0xFFFF, 0xFFFF, 0xFFFF,
  0xFFFF, 0xFFFF, 0xFFFF, 0xFFFF, 0xFFFF, 0xFFFF, 0xFFFF, 0xFFFF, 0xFFFF, 0xFFFF, 0xFFFF, 0xFFFF, 0xFFFF, 0xFFFF, 0xFFFF, 0xFFFF,
  0xFFFF, 0xFFFF, 0xFFFF, 0xFFFF, 0xFFFF, 0xFFFF, 0xFFFF, 0xFFFF, 0xFFFF, 0xFFFF, 0xFFFF, 0xFFFF, 0xFFFF, 0xFFFF, 0xFFFF, 0xFFFF,
  0xFFFF, 0xFFFF, 0xFFFF, 0xFFFF, 0xFFFF, 0xFFFF, 0xFFFF, 0xFFFF, 0xFFFF, 0xFFFF, 0x0000, 0xFFFF, 0x0000, 0x0000, 0x0000, 0x0000,
  0x0000, 0x0000, 0x0000, 0x0000, 0x0000, 0xFFFF, 0x0000, 0xFFFF, 0xFFFF, 0xFFFF, 0xFFFF, 0xFFFF, 0xFFFF, 0xFFFF, 0xFFFF, 0xFFFF,
  0xFFFF, 0xFFFF, 0xFFFF, 0xFFFF, 0xFFFF, 0xFFFF, 0xFFFF, 0xFFFF, 0xFFFF, 0xFFFF, 0xFFFF, 0xFFFF, 0xFFFF, 0xFFFF, 0xFFFF, 0xFFFF,
  0xFFFF, 0xFFFF, 0xFFFF, 0xFFFF, 0xFFFF, 0xFFFF, 0xFFFF, 0xFFFF, 0xFFFF, 0xFFFF, 0xFFFF, 0xFFFF, 0xFFFF, 0xFFFF, 0xFFFF, 0xFFFF,
  0xFFFF, 0xFFFF, 0xFFFF, 0xFFFF, 0xFFFF, 0xFFFF, 0xFFFF, 0xFFFF, 0xFFFF, 0x0000, 0xFFFF, 0x0000, 0x0000, 0x0000, 0x0000, 0x0000,
  0x0000, 0x0000, 0x0000, 0x0000, 0x0000, 0xFFFF, 0xFFFF, 0x0000, 0xFFFF, 0xFFFF, 0xFFFF, 0xFFFF, 0xFFFF, 0xFFFF, 0xFFFF, 0xFFFF,
  0xFFFF, 0xFFFF, 0xFFFF, 0xFFFF, 0xFFFF, 0xFFFF, 0xFFFF, 0xFFFF, 0xFFFF, 0xFFFF, 0xFFFF, 0xFFFF, 0xFFFF, 0xFFFF, 0xFFFF, 0xFFFF,
  0xFFFF, 0xFFFF, 0xFFFF, 0xFFFF, 0xFFFF, 0xFFFF, 0xFFFF, 0xFFFF, 0xFFFF, 0xFFFF, 0xFFFF, 0xFFFF, 0xFFFF, 0xFFFF, 0xFFFF, 0xFFFF,
  0xFFFF, 0xFFFF, 0xFFFF, 0xFFFF, 0xFFFF, 0xFFFF, 0xFFFF, 0xFFFF, 0x0000, 0xFFFF, 0xFFFF, 0x0000, 0x0000, 0x0000, 0x0000, 0x0000,
  0x0000, 0x0000, 0x0000, 0x0000, 0x0000, 0x0000, 0xFFFF, 0xFFFF, 0x0000, 0xFFFF, 0xFFFF, 0xFFFF, 0xFFFF, 0xFFFF, 0xFFFF, 0xFFFF,
  0xFFFF, 0xFFFF, 0xFFFF, 0xFFFF, 0xFFFF, 0xFFFF, 0xFFFF, 0xFFFF, 0xFFFF, 0xFFFF, 0xFFFF, 0xFFFF, 0xFFFF, 0xFFFF, 0xFFFF, 0xFFFF,
  0xFFFF, 0xFFFF, 0xFFFF, 0xFFFF, 0xFFFF, 0xFFFF, 0xFFFF, 0xFFFF, 0xFFFF, 0xFFFF, 0xFFFF, 0xFFFF, 0xFFFF, 0xFFFF, 0xFFFF, 0xFFFF,
  0xFFFF, 0xFFFF, 0xFFFF, 0xFFFF, 0xFFFF, 0xFFFF, 0xFFFF, 0x0000, 0xFFFF, 0xFFFF, 0x0000, 0x0000, 0x0000, 0x0000, 0x0000, 0x0000,
  0x0000, 0x0000, 0x0000, 0x0000, 0x0000, 0x0000, 0x0000, 0xFFFF, 0xFFFF, 0x0000, 0xFFFF, 0xFFFF, 0xFFFF, 0xFFFF, 0xFFFF, 0xFFFF,
  0xFFFF, 0xFFFF, 0xFFFF, 0xFFFF, 0xFFFF, 0xFFFF, 0xFFFF, 0xFFFF, 0xFFFF, 0xFFFF, 0xFFFF, 0xFFFF, 0xFFFF, 0xFFFF, 0xFFFF, 0xFFFF,
  0xFFFF, 0xFFFF, 0xFFFF, 0xFFFF, 0xFFFF, 0xFFFF, 0xFFFF, 0xFFFF, 0xFFFF, 0xFFFF, 0xFFFF, 0xFFFF, 0xFFFF, 0xFFFF, 0xFFFF, 0xFFFF,
  0xFFFF, 0xFFFF, 0xFFFF, 0xFFFF, 0xFFFF, 0xFFFF, 0x0000, 0xFFFF, 0xFFFF, 0x0000, 0x0000, 0x0000, 0x0000, 0x0000, 0x0000, 0x0000,
  0x0000, 0x0000, 0x0000, 0x0000, 0x0000, 0x0000, 0x0000, 0x0000, 0xFFFF, 0xFFFF, 0x0000, 0xFFFF, 0xFFFF, 0xFFFF, 0xFFFF, 0xFFFF,
  0xFFFF, 0xFFFF, 0xFFFF, 0xFFFF, 0xFFFF, 0xFFFF, 0xFFFF, 0xFFFF, 0xFFFF, 0xFFFF, 0xFFFF, 0xFFFF, 0xFFFF, 0xFFFF, 0xFFFF, 0xFFFF,
  0xFFFF, 0xFFFF, 0xFFFF, 0xFFFF, 0xFFFF, 0xFFFF, 0xFFFF, 0xFFFF, 0xFFFF, 0xFFFF, 0xFFFF, 0xFFFF, 0xFFFF, 0xFFFF, 0xFFFF, 0xFFFF,
  0xFFFF, 0xFFFF, 0xFFFF, 0xFFFF, 0xFFFF, 0x0000, 0xFFFF, 0xFFFF, 0x0000, 0x0000, 0x0000, 0x0000, 0x0000, 0x0000, 0x0000, 0x0000,
  0x0000, 0x0000, 0x0000, 0x0000, 0x0000, 0x0000, 0x0000, 0x0000, 0x0000, 0xFFFF, 0xFFFF, 0x0000, 0xFFFF, 0xFFFF, 0xFFFF, 0xFFFF,
  0xFFFF, 0xFFFF, 0xFFFF, 0xFFFF, 0xFFFF, 0xFFFF, 0xFFFF, 0xFFFF, 0xFFFF, 0xFFFF, 0xFFFF, 0xFFFF, 0xFFFF, 0xFFFF, 0xFFFF, 0xFFFF,
  0xFFFF, 0xFFFF, 0xFFFF, 0xFFFF, 0xFFFF, 0xFFFF, 0xFFFF, 0xFFFF, 0xFFFF, 0xFFFF, 0xFFFF, 0xFFFF, 0xFFFF, 0xFFFF, 0xFFFF, 0xFFFF,
  0xFFFF, 0xFFFF, 0xFFFF, 0xFFFF, 0x0000, 0xFFFF, 0xFFFF, 0x0000, 0x0000, 0x0000, 0x0000, 0x0000, 0x0000, 0x0000, 0x0000, 0x0000,
  0x0000, 0x0000, 0x0000, 0x0000, 0x0000, 0x0000, 0x0000, 0x0000, 0x0000, 0x0000, 0x0000, 0xFFFF, 0x0000, 0xFFFF, 0xFFFF, 0xFFFF,
  0xFFFF, 0xFFFF, 0xFFFF, 0xFFFF, 0xFFFF, 0xFFFF, 0xFFFF, 0xFFFF, 0xFFFF, 0xFFFF, 0xFFFF, 0xFFFF, 0xFFFF, 0xFFFF, 0xFFFF, 0xFFFF,
  0xFFFF, 0xFFFF, 0xFFFF, 0xFFFF, 0xFFFF, 0xFFFF, 0xFFFF, 0xFFFF, 0xFFFF, 0xFFFF, 0xFFFF, 0xFFFF, 0xFFFF, 0xFFFF, 0xFFFF, 0xFFFF,
  0xFFFF, 0xFFFF, 0xFFFF, 0x0000, 0xFFFF, 0x0000, 0x0000, 0x0000, 0x0000, 0x0000, 0x0000, 0x0000, 0x0000, 0x0000, 0x0000, 0x0000,
  0x0000, 0x0000, 0x0000, 0x0000, 0x0000, 0x0000, 0x0000, 0x0000, 0x0000, 0x0000, 0x0000, 0x0000, 0xFFFF, 0x0000, 0x0000, 0xFFFF,
  0xFFFF, 0xFFFF, 0xFFFF, 0xFFFF, 0xFFFF, 0xFFFF, 0xFFFF, 0xFFFF, 0xFFFF, 0xFFFF, 0xFFFF, 0xFFFF, 0xFFFF, 0xFFFF, 0xFFFF, 0xFFFF,
  0xFFFF, 0xFFFF, 0xFFFF, 0xFFFF, 0xFFFF, 0xFFFF, 0xFFFF, 0xFFFF, 0xFFFF, 0xFFFF, 0xFFFF, 0xFFFF, 0xFFFF, 0xFFFF, 0xFFFF, 0xFFFF,
  0xFFFF, 0x0000, 0x0000, 0xFFFF, 0x0000, 0x0000, 0x0000, 0x0000, 0x0000, 0x0000, 0x0000, 0x0000, 0x0000, 0x0000, 0x0000, 0x0000,
  0x0000, 0x0000, 0x0000, 0x0000, 0x0000, 0x0000, 0x0000, 0x0000, 0x0000, 0x0000, 0x0000, 0x0000, 0x0000, 0xFFFF, 0xFFFF, 0x0000,
  0xFFFF, 0xFFFF, 0xFFFF, 0xFFFF, 0xFFFF, 0xFFFF, 0xFFFF, 0xFFFF, 0xFFFF, 0xFFFF, 0xFFFF, 0xFFFF, 0xFFFF, 0xFFFF, 0xFFFF, 0xFFFF,
  0xFFFF, 0xFFFF, 0xFFFF, 0xFFFF, 0xFFFF, 0xFFFF, 0xFFFF, 0xFFFF, 0xFFFF, 0xFFFF, 0xFFFF, 0xFFFF, 0xFFFF, 0xFFFF, 0xFFFF, 0xFFFF,
  0x0000, 0xFFFF, 0xFFFF, 0x0000, 0x0000, 0x0000, 0x0000, 0x0000, 0x0000, 0x0000, 0x0000, 0x0000, 0x0000, 0x0000, 0x0000, 0x0000,
  0x0000, 0x0000, 0x0000, 0x0000, 0x0000, 0x0000, 0x0000, 0x0000, 0x0000, 0x0000, 0x0000, 0x0000, 0x0000, 0x0000, 0x0000, 0xFFFF,
  0x0000, 0x0000, 0xFFFF, 0xFFFF, 0xFFFF, 0xFFFF, 0xFFFF, 0xFFFF, 0xFFFF, 0xFFFF, 0xFFFF, 0xFFFF, 0xFFFF, 0xFFFF, 0xFFFF, 0xFFFF,
  0xFFFF, 0xFFFF, 0xFFFF, 0xFFFF, 0xFFFF, 0xFFFF, 0xFFFF, 0xFFFF, 0xFFFF, 0xFFFF, 0xFFFF, 0xFFFF, 0xFFFF, 0xFFFF, 0x0000, 0x0000,
  0xFFFF, 0x0000, 0x0000, 0x0000, 0x0000, 0x0000, 0x0000, 0x0000, 0x0000, 0x0000, 0x0000, 0x0000, 0x0000, 0x0000, 0x0000, 0x0000,
  0x0000, 0x0000, 0x0000, 0x0000, 0x0000, 0x0000, 0x0000, 0x0000, 0x0000, 0x0000, 0x0000, 0x0000, 0x0000, 0x0000, 0x0000, 0x0000,
  0xFFFF, 0xFFFF, 0x0000, 0x0000, 0xFFFF, 0xFFFF, 0xFFFF, 0xFFFF, 0xFFFF, 0xFFFF, 0xFFFF, 0xFFFF, 0xFFFF, 0xFFFF, 0xFFFF, 0xFFFF,
  0xFFFF, 0xFFFF, 0xFFFF, 0xFFFF, 0xFFFF, 0xFFFF, 0xFFFF, 0xFFFF, 0xFFFF, 0xFFFF, 0xFFFF, 0xFFFF, 0x0000, 0x0000, 0xFFFF, 0xFFFF,
  0x0000, 0x0000, 0x0000, 0x0000, 0x0000, 0x0000, 0x0000, 0x0000, 0x0000, 0x0000, 0x0000, 0x0000, 0x0000, 0x0000, 0x0000, 0x0000,
  0x0000, 0x0000, 0x0000, 0x0000, 0x0000, 0x0000, 0x0000, 0x0000, 0x0000, 0x0000, 0x0000, 0x0000, 0x0000, 0x0000, 0x0000, 0x0000,
  0x0000, 0x0000, 0xFFFF, 0xFFFF, 0x0000, 0x0000, 0x0000, 0xFFFF, 0xFFFF, 0xFFFF, 0xFFFF, 0xFFFF, 0xFFFF, 0xFFFF, 0xFFFF, 0xFFFF,
  0xFFFF, 0xFFFF, 0xFFFF, 0xFFFF, 0xFFFF, 0xFFFF, 0xFFFF, 0xFFFF, 0xFFFF, 0x0000, 0x0000, 0x0000, 0xFFFF, 0xFFFF, 0x0000, 0x0000,
  0x0000, 0x0000, 0x0000, 0x0000, 0x0000, 0x0000, 0x0000, 0x0000, 0x0000, 0x0000, 0x0000, 0x0000, 0x0000, 0x0000, 0x0000, 0x0000,
};
static const uint8_t LOGO_XRP_LARGE_ALPHA[] PROGMEM = {
  0, 0, 0, 0, 0, 0, 0, 0, 0, 0, 0, 0, 0, 0, 0, 0, 0, 0, 1, 4, 0, 0, 0, 4,
  44, 87, 136, 186, 203, 241, 255, 254, 254, 255, 241, 203, 186, 136, 87, 44, 4, 0, 0, 0, 4, 1, 0, 0,
  0, 0, 0, 0, 0, 0, 0, 0, 0, 0, 0, 0, 0, 0, 0, 0, 0, 0, 0, 0, 0, 0, 0, 0,
  0, 0, 0, 0, 0, 0, 0, 0, 1, 3, 0, 0, 3, 57, 137, 210, 248, 255, 255, 255, 255, 255, 255, 255,
  255, 255, 255, 255, 255, 255, 255, 248, 210, 137, 57, 3, 0, 0, 3, 1, 0, 0, 0, 0, 0, 0, 0, 0,
  0, 0, 0, 0, 0, 0, 0, 0, 0, 0, 0, 0, 0, 0, 0, 0, 0, 0, 0, 0, 0, 0, 0, 4,
  0, 0, 23, 117, 210, 255, 255, 255, 255, 253, 252, 253, 253, 254, 255, 255, 255, 255, 254, 253, 253, 252, 253, 255,
  255, 255, 255, 210, 117, 23, 0, 0, 4, 0, 0, 0, 0, 0, 0, 0, 0, 0, 0, 0, 0, 0, 0, 0,
  0, 0, 0, 0, 0, 0, 0, 0, 0, 0, 0, 0, 0, 2, 1, 0, 22, 128, 232, 255, 255, 254, 251, 253,
  254, 255, 255, 255, 255, 255, 255, 255, 255, 255, 255, 255, 255, 255, 255, 254, 253, 251, 254, 255, 255, 232, 128, 22,
  0, 1, 2, 0, 0, 0, 0, 0, 0, 0, 0, 0, 0, 0, 0, 0, 0, 0, 0, 0, 0, 0, 0, 0,
  0, 0, 0, 0, 4, 0, 0, 98, 229, 255, 255, 251, 253, 255, 255, 255, 255, 255, 255, 255, 255, 255, 255, 255,
  255, 255, 255, 255, 255, 255, 255, 255, 255, 255, 255, 253, 251, 255, 255, 229, 98, 0, 0, 4, 0, 0, 0, 0,
  0, 0, 0, 0, 0, 0, 0, 0, 0, 0, 0, 0, 0, 0, 0, 0, 0, 0, 0, 4, 0, 38, 184, 255,
  255, 251, 254, 255, 255, 255, 255, 255, 255, 255, 255, 255, 255, 255, 255, 255, 255, 255, 255, 255, 255, 255, 255, 255,
  255, 255, 255, 255, 255, 254, 251, 255, 255, 184, 38, 0, 4, 0, 0, 0, 0, 0, 0, 0, 0, 0, 0, 0,
  0, 0, 0, 0, 0, 0, 0, 0, 0, 1, 2, 0, 86, 236, 255, 251, 254, 255, 255, 255, 255, 255, 255, 255,
  255, 255, 255, 255, 255, 255, 255, 255, 255, 255, 255, 255, 255, 255, 255, 255, 255, 255, 255, 255, 255, 255, 255, 254,
  251, 255, 236, 86, 0, 2, 1, 0, 0, 0, 0, 0, 0, 0, 0, 0, 0, 0, 0, 0, 0, 0, 0, 0,
  1, 2, 0, 143, 255, 255, 252, 255, 255, 255, 255, 255, 255, 255, 255, 255, 255, 255, 255, 255, 255, 255, 255, 255,
  255, 255, 255, 255, 255, 255, 255, 255, 255, 255, 255, 255, 255, 255, 255, 255, 255, 252, 255, 255, 143, 0, 2, 1,
  0, 0, 0, 0, 0, 0, 0, 0, 0, 0, 0, 0, 0, 0, 0, 1, 3, 0, 154, 255, 252, 254, 255, 255,
  255, 255, 255, 255, 255, 255, 255, 255, 255, 255, 255, 255, 255, 255, 255, 255, 255, 255, 255, 255, 255, 255, 255, 255,
  255, 255, 255, 255, 255, 255, 255, 255, 255, 255, 254, 252, 255, 154, 0, 3, 1, 0, 0, 0, 0, 0, 0, 0,
  0, 0, 0, 0, 0, 0, 1, 2, 0, 154, 255, 250, 255, 255, 255, 255, 255, 255, 255, 255, 255, 255, 255, 255,
  255, 255, 255, 255, 255, 255, 255, 255, 255, 255, 255, 255, 255, 255, 255, 255, 255, 255, 255, 255, 255, 255, 255, 255,
  255, 255, 255, 255, 250, 255, 154, 0, 2, 1, 0, 0, 0, 0, 0, 0, 0, 0, 0, 0, 0, 1, 4, 0,
  154, 255, 251, 255, 255, 255, 255, 255, 255, 255, 255, 255, 255, 255, 255, 255, 255, 255, 255, 255, 255, 255, 255, 255,
  255, 255, 255, 255, 255, 255, 255, 255, 255, 255, 255, 255, 255, 255, 255, 255, 255, 255, 255, 255, 255, 251, 255, 154,
  0, 4, 1, 0, 0, 0, 0, 0, 0, 0, 0, 0, 0, 4, 0, 143, 255, 250, 255, 255, 255, 255, 255, 255,
  255, 255, 255, 255, 255, 255, 255, 255, 255, 255, 255, 255, 255, 255, 255, 255, 255, 255, 255, 255, 255, 255, 255, 255,
  255, 255, 255, 255, 255, 255, 255, 255, 255, 255, 255, 255, 255, 255, 250, 255, 143, 0, 4, 0, 0, 0, 0, 0,
  0, 0, 0, 0, 3, 0, 84, 255, 250, 254, 255, 255, 255, 255, 255, 255, 255, 255, 255, 255, 255, 255, 255, 255,
  255, 255, 255, 255, 255, 255, 255, 255, 255, 255, 255, 255, 255, 255, 255, 255, 255, 255, 255, 255, 255, 255, 255, 255,
  255, 255, 255, 255, 255, 255, 254, 250, 255, 84, 0, 3, 0, 0, 0, 0, 0, 0, 0, 2, 0, 35, 238, 253,
  254, 255, 255, 255, 255, 255, 255, 255, 255, 255, 255, 255, 255, 255, 255, 255, 255, 255, 255, 255, 255, 255, 255, 255,
  255, 255, 255, 255, 255, 255, 255, 255, 255, 255, 255, 255, 255, 255, 255, 255, 255, 255, 255, 255, 255, 255, 255, 254,
  253, 238, 35, 0, 2, 0, 0, 0, 0, 0, 0, 3, 2, 188, 255, 252, 255, 255, 255, 255, 255, 255, 255, 255,
  255, 255, 255, 255, 255, 255, 255, 255, 255, 255, 255, 255, 255, 255, 255, 255, 255, 255, 255, 255, 255, 255, 255, 255,
  255, 255, 255, 255, 255, 255, 255, 255, 255, 255, 255, 255, 255, 255, 255, 255, 252, 255, 188, 2, 3, 0, 0, 0,
  0, 0, 3, 0, 95, 255, 251, 255, 255, 255, 255, 255, 255, 255, 255, 255, 255, 255, 255, 255, 255, 255, 255, 255,
  255, 255, 255, 255, 255, 255, 255, 255, 255, 255, 255, 255, 255, 255, 255, 255, 255, 255, 255, 255, 255, 255, 255, 255,
  255, 255, 255, 255, 255, 255, 255, 255, 255, 251, 255, 95, 0, 3, 0, 0, 0, 1, 2, 19, 231, 253, 253, 255,
  255, 255, 255, 255, 255, 255, 255, 255, 255, 255, 255, 255, 255, 255, 255, 255, 255, 255, 255, 255, 255, 255, 255, 255,
  255, 255, 255, 255, 255, 255, 255, 255, 255, 255, 255, 255, 255, 255, 255, 255, 255, 255, 255, 255, 255, 255, 255, 255,
  255, 253, 253, 231, 19, 2, 1, 0, 0, 3, 0, 128, 255, 251, 255, 255, 255, 255, 255, 255, 255, 255, 255, 255,
  255, 255, 255, 255, 255, 255, 255, 255, 255, 255, 255, 255, 255, 255, 255, 255, 255, 255, 255, 255, 255, 255, 255, 255,
  255, 255, 255, 255, 255, 255, 255, 255, 255, 255, 255, 255, 255, 255, 255, 255, 255, 255, 251, 255, 128, 0, 3, 0,
  1, 1, 22, 236, 254, 254, 255, 255, 255, 255, 255, 255, 255, 255, 255, 255, 255, 255, 255, 255, 255, 255, 255, 255,
  255, 255, 255, 255, 255, 255, 255, 255, 255, 255, 255, 255, 255, 255, 255, 255, 255, 255, 255, 255, 255, 255, 255, 255,
  255, 255, 255, 255, 255, 255, 255, 255, 255, 255, 254, 254, 236, 22, 1, 1, 5, 0, 116, 255, 251, 255, 255, 255,
  255, 255, 255, 255, 255, 255, 255, 255, 255, 255, 255, 255, 255, 255, 255, 255, 255, 255, 255, 255, 255, 255, 255, 255,
  255, 255, 255, 255, 255, 255, 255, 255, 255, 255, 255, 255, 255, 255, 255, 255, 255, 255, 255, 255, 255, 255, 255, 255,
  255, 255, 255, 251, 255, 116, 0, 5, 2, 6, 213, 254, 253, 255, 255, 255, 255, 255, 255, 255, 255, 255, 255, 255,
  255, 255, 255, 255, 255, 255, 255, 255, 255, 255, 255, 255, 255, 255, 255, 255, 255, 255, 255, 255, 255, 255, 255, 255,
  255, 255, 255, 255, 255, 255, 255, 255, 255, 255, 255, 255, 255, 255, 255, 255, 255, 255, 255, 253, 254, 213, 6, 2,
  0, 54, 255, 253, 255, 255, 255, 255, 255, 255, 255, 255, 255, 255, 255, 255, 255, 255, 255, 255, 255, 255, 255, 255,
  255, 255, 255, 255, 255, 255, 255, 255, 255, 255, 255, 255, 255, 255, 255, 255, 255, 255, 255, 255, 255, 255, 255, 255,
  255, 255, 255, 255, 255, 255, 255, 255, 255, 255, 255, 255, 253, 255, 54, 0, 0, 136, 255, 251, 255, 255, 255, 255,
  255, 255, 255, 255, 255, 255, 255, 255, 255, 255, 255, 255, 255, 255, 255, 255, 255, 255, 255, 255, 255, 255, 255, 255,
  255, 255, 255, 255, 255, 255, 255, 255, 255, 255, 255, 255, 255, 255, 255, 255, 255, 255, 255, 255, 255, 255, 255, 255,
  255, 255, 255, 255, 251, 255, 136, 0, 6, 212, 255, 253, 255, 255, 255, 255, 255, 255, 255, 255, 255, 255, 255, 255,
  255, 255, 255, 255, 255, 255, 255, 255, 255, 255, 255, 255, 255, 255, 255, 255, 255, 255, 255, 255, 255, 255, 255, 255,
  255, 255, 255, 255, 255, 255, 255, 255, 255, 255, 255, 255, 255, 255, 255, 255, 255, 255, 255, 255, 253, 255, 212, 6,
  42, 248, 255, 255, 255, 255, 255, 255, 255, 255, 255, 255, 255, 255, 255, 255, 255, 255, 255, 255, 255, 255, 255, 255,
  255, 255, 255, 255, 255, 255, 255, 255, 255, 255, 255, 255, 255, 255, 255, 255, 255, 255, 255, 255, 255, 255, 255, 255,
  255, 255, 255, 255, 255, 255, 255, 255, 255, 255, 255, 255, 255, 255, 248, 42, 91, 255, 253, 255, 255, 255, 255, 255,
  255, 255, 255, 255, 255, 255, 255, 255, 255, 255, 255, 255, 255, 255, 255, 255, 255, 255, 255, 255, 255, 255, 255, 255,
  255, 255, 255, 255, 255, 255, 255, 255, 255, 255, 255, 255, 255, 255, 255, 255, 255, 255, 255, 255, 255, 255, 255, 255,
  255, 255, 255, 255, 255, 253, 255, 91, 135, 255, 252, 255, 255, 255, 255, 255, 255, 255, 255, 255, 255, 255, 255, 255,
  255, 255, 255, 255, 255, 255, 255, 255, 255, 255, 255, 255, 255, 255, 255, 255, 255, 255, 255, 255, 255, 255, 255, 255,
  255, 255, 255, 255, 255, 255, 255, 255, 255, 255, 255, 255, 255, 255, 255, 255, 255, 255, 255, 255, 255, 252, 255, 135,
  186, 255, 253, 255, 255, 255, 255, 255, 255, 255, 255, 255, 255, 255, 255, 255, 255, 255, 255, 255, 255, 255, 255, 255,
  255, 255, 255, 255, 255, 255, 255, 255, 255, 255, 255, 255, 255, 255, 255, 255, 255, 255, 255, 255, 255, 255, 255, 255,
  255, 255, 255, 255, 255, 255, 255, 255, 255, 255, 255, 255, 255, 253, 255, 186, 204, 255, 253, 255, 255, 255, 255, 255,
  255, 255, 255, 255, 255, 255, 255, 255, 255, 255, 255, 255, 255, 255, 255, 255, 255, 255, 255, 255, 255, 255, 255, 255,
  255, 255, 255, 255, 255, 255, 255, 255, 255, 255, 255, 255, 255, 255, 255, 255, 255, 255, 255, 255, 255, 255, 255, 255,
  255, 255, 255, 255, 255, 253, 255, 204, 241, 255, 254, 255, 255, 255, 255, 255, 255, 255, 255, 255, 255, 255, 255, 255,
  255, 255, 255, 255, 255, 255, 255, 255, 255, 255, 255, 255, 255, 255, 255, 255, 255, 255, 255, 255, 255, 255, 255, 255,
  255, 255, 255, 255, 255, 255, 255, 255, 255, 255, 255, 255, 255, 255, 255, 255, 255, 255, 255, 255, 255, 254, 255, 241,
  255, 255, 255, 255, 255, 255, 255, 255, 255, 255, 255, 255, 255, 255, 255, 255, 255, 255, 255, 255, 255, 255, 255, 255,
  255, 255, 255, 255, 255, 255, 255, 255, 255, 255, 255, 255, 255, 255, 255, 255, 255, 255, 255, 255, 255, 255, 255, 255,
  255, 255, 255, 255, 255, 255, 255, 255, 255, 255, 255, 255, 255, 255, 255, 255, 254, 255, 255, 255, 255, 255, 255, 255,
  255, 255, 255, 255, 255, 255, 255, 255, 255, 255, 255, 255, 255, 255, 255, 255, 255, 255, 255, 255, 255, 255, 255, 255,
  255, 255, 255, 255, 255, 255, 255, 255, 255, 255, 255, 255, 255, 255, 255, 255, 255, 255, 255, 255, 255, 255, 255, 255,
  255, 255, 255, 255, 255, 255, 255, 254, 254, 255, 255, 255, 255, 255, 255, 255, 255, 255, 255, 255, 255, 255, 255, 255,
  255, 255, 255, 255, 255, 255, 255, 255, 255, 255, 255, 255, 255, 255, 255, 255, 255, 255, 255, 255, 255, 255, 255, 255,
  255, 255, 255, 255, 255, 255, 255, 255, 255, 255, 255, 255, 255, 255, 255, 255, 255, 255, 255, 255, 255, 255, 255, 254,
  255, 255, 255, 255, 255, 255, 255, 255, 255, 255, 255, 255, 255, 255, 255, 255, 255, 255, 255, 255, 255, 255, 255, 255,
  255, 255, 255, 255, 255, 255, 255, 255, 255, 255, 255, 255, 255, 255, 255, 255, 255, 255, 255, 255, 255, 255, 255, 255,
  255, 255, 255, 255, 255, 255, 255, 255, 255, 255, 255, 255, 255, 255, 255, 255, 241, 255, 254, 255, 255, 255, 255, 255,
  255, 255, 255, 255, 255, 255, 255, 255, 255, 255, 255, 255, 255, 255, 255, 255, 255, 255, 255, 255, 255, 255, 255, 255,
  255, 255, 255, 255, 255, 255, 255, 255, 255, 255, 255, 255, 255, 255, 255, 255, 255, 255, 255, 255, 255, 255, 255, 255,
  255, 255, 255, 255, 255, 254, 255, 241, 204, 255, 253, 255, 255, 255, 255, 255, 255, 255, 255, 255, 255, 255, 255, 255,
  255, 255, 255, 255, 255, 255, 255, 255, 255, 255, 255, 255, 255, 255, 255, 255, 255, 255, 255, 255, 255, 255, 255, 255,
  255, 255, 255, 255, 255, 255, 255, 255, 255, 255, 255, 255, 255, 255, 255, 255, 255, 255, 255, 255, 255, 253, 255, 204,
  186, 255, 253, 255, 255, 255, 255, 255, 255, 255, 255, 255, 255, 255, 255, 255, 255, 255, 255, 255, 255, 255, 255, 255,
  255, 255, 255, 255, 255, 255, 255, 255, 255, 255, 255, 255, 255, 255, 255, 255, 255, 255, 255, 255, 255, 255, 255, 255,
  255, 255, 255, 255, 255, 255, 255, 255, 255, 255, 255, 255, 255, 253, 255, 186, 135, 255, 252, 255, 255, 255, 255, 255,
  255, 255, 255, 255, 255, 255, 255, 255, 255, 255, 255, 255, 255, 255, 255, 255, 255, 255, 255, 255, 255, 255, 255, 255,
  255, 255, 255, 255, 255, 255, 255, 255, 255, 255, 255, 255, 255, 255, 255, 255, 255, 255, 255, 255, 255, 255, 255, 255,
  255, 255, 255, 255, 255, 252, 255, 135, 91, 255, 253, 255, 255, 255, 255, 255, 255, 255, 255, 255, 255, 255, 255, 255,
  255, 255, 255, 255, 255, 255, 255, 255, 255, 255, 255, 255, 255, 255, 255, 255, 255, 255, 255, 255, 255, 255, 255, 255,
  255, 255, 255, 255, 255, 255, 255, 255, 255, 255, 255, 255, 255, 255, 255, 255, 255, 255, 255, 255, 255, 253, 255, 91,
  42, 248, 255, 255, 255, 255, 255, 255, 255, 255, 255, 255, 255, 255, 255, 255, 255, 255, 255, 255, 255, 255, 255, 255,
  255, 255, 255, 255, 255, 255, 255, 255, 255, 255, 255, 255, 255, 255, 255, 255, 255, 255, 255, 255, 255, 255, 255, 255,
  255, 255, 255, 255, 255, 255, 255, 255, 255, 255, 255, 255, 255, 255, 248, 42, 6, 212, 255, 253, 255, 255, 255, 255,
  255, 255, 255, 255, 255, 255, 255, 255, 255, 255, 255, 255, 255, 255, 255, 255, 255, 255, 255, 255, 255, 255, 255, 255,
  255, 255, 255, 255, 255, 255, 255, 255, 255, 255, 255, 255, 255, 255, 255, 255, 255, 255, 255, 255, 255, 255, 255, 255,
  255, 255, 255, 255, 253, 255, 212, 6, 0, 136, 255, 251, 255, 255, 255, 255, 255, 255, 255, 255, 255, 255, 255, 255,
  255, 255, 255, 255, 255, 255, 255, 255, 255, 255, 255, 255, 255, 255, 255, 255, 255, 255, 255, 255, 255, 255, 255, 255,
  255, 255, 255, 255, 255, 255, 255, 255, 255, 255, 255, 255, 255, 255, 255, 255, 255, 255, 255, 255, 251, 255, 136, 0,
  0, 54, 255, 253, 255, 255, 255, 255, 255, 255, 255, 255, 255, 255, 255, 255, 255, 255, 255, 255, 255, 255, 255, 255,
  255, 255, 255, 255, 255, 255, 255, 255, 255, 255, 255, 255, 255, 255, 255, 255, 255, 255, 255, 255, 255, 255, 255, 255,
  255, 255, 255, 255, 255, 255, 255, 255, 255, 255, 255, 255, 253, 255, 54, 0, 2, 6, 213, 254, 253, 255, 255, 255,
  255, 255, 255, 255, 255, 255, 255, 255, 255, 255, 255, 255, 255, 255, 255, 255, 255, 255, 255, 255, 255, 255, 255, 255,
  255, 255, 255, 255, 255, 255, 255, 255, 255, 255, 255, 255, 255, 255, 255, 255, 255, 255, 255, 255, 255, 255, 255, 255,
  255, 255, 255, 253, 254, 213, 6, 2, 5, 0, 116, 255, 251, 255, 255, 255, 255, 255, 255, 255, 255, 255, 255, 255,
  255, 255, 255, 255, 255, 255, 255, 255, 255, 255, 255, 255, 255, 255, 255, 255, 255, 255, 255, 255, 255, 255, 255, 255,
  255, 255, 255, 255, 255, 255, 255, 255, 255, 255, 255, 255, 255, 255, 255, 255, 255, 255, 255, 251, 255, 116, 0, 5,
  1, 1, 22, 236, 254, 254, 255, 255, 255, 255, 255, 255, 255, 255, 255, 255, 255, 255, 255, 255, 255, 255, 255, 255,
  255, 255, 255, 255, 255, 255, 255, 255, 255, 255, 255, 255, 255, 255, 255, 255, 255, 255, 255, 255, 255, 255, 255, 255,
  255, 255, 255, 255, 255, 255, 255, 255, 255, 255, 254, 254, 236, 22, 1, 1, 0, 3, 0, 128, 255, 251, 255, 255,
  255, 255, 255, 255, 255, 255, 255, 255, 255, 255, 255, 255, 255, 255, 255, 255, 255, 255, 255, 255, 255, 255, 255, 255,
  255, 255, 255, 255, 255, 255, 255, 255, 255, 255, 255, 255, 255, 255, 255, 255, 255, 255, 255, 255, 255, 255, 255, 255,
  255, 255, 251, 255, 128, 0, 3, 0, 0, 1, 2, 19, 231, 253, 253, 255, 255, 255, 255, 255, 255, 255, 255, 255,
  255, 255, 255, 255, 255, 255, 255, 255, 255, 255, 255, 255, 255, 255, 255, 255, 255, 255, 255, 255, 255, 255, 255, 255,
  255, 255, 255, 255, 255, 255, 255, 255, 255, 255, 255, 255, 255, 255, 255, 255, 255, 253, 253, 231, 19, 2, 1, 0,
  0, 0, 3, 0, 95, 255, 251, 255, 255, 255, 255, 255, 255, 255, 255, 255, 255, 255, 255, 255, 255, 255, 255, 255,
  255, 255, 255, 255, 255, 255, 255, 255, 255, 255, 255, 255, 255, 255, 255, 255, 255, 255, 255, 255, 255, 255, 255, 255,
  255, 255, 255, 255, 255, 255, 255, 255, 255, 251, 255, 95, 0, 3, 0, 0, 0, 0, 0, 3, 2, 188, 255, 252,
  255, 255, 255, 255, 255, 255, 255, 255, 255, 255, 255, 255, 255, 255, 255, 255, 255, 255, 255, 255, 255, 255, 255, 255,
  255, 255, 255, 255, 255, 255, 255, 255, 255, 255, 255, 255, 255, 255, 255, 255, 255, 255, 255, 255, 255, 255, 255, 255,
  252, 255, 188, 2, 3, 0, 0, 0, 0, 0, 0, 2, 0, 35, 238, 253, 254, 255, 255, 255, 255, 255, 255, 255,
  255, 255, 255, 255, 255, 255, 255, 255, 255, 255, 255, 255, 255, 255, 255, 255, 255, 255, 255, 255, 255, 255, 255, 255,
  255, 255, 255, 255, 255, 255, 255, 255, 255, 255, 255, 255, 255, 255, 255, 254, 253, 238, 35, 0, 2, 0, 0, 0,
  0, 0, 0, 0, 3, 0, 84, 255, 250, 254, 255, 255, 255, 255, 255, 255, 255, 255, 255, 255, 255, 255, 255, 255,
  255, 255, 255, 255, 255, 255, 255, 255, 255, 255, 255, 255, 255, 255, 255, 255, 255, 255, 255, 255, 255, 255, 255, 255,
  255, 255, 255, 255, 255, 255, 254, 250, 255, 84, 0, 3, 0, 0, 0, 0, 0, 0, 0, 0, 0, 4, 0, 143,
  255, 250, 255, 255, 255, 255, 255, 255, 255, 255, 255, 255, 255, 255, 255, 255, 255, 255, 255, 255, 255, 255, 255, 255,
  255, 255, 255, 255, 255, 255, 255, 255, 255, 255, 255, 255, 255, 255, 255, 255, 255, 255, 255, 255, 255, 255, 250, 255,
  143, 0, 4, 0, 0, 0, 0, 0, 0, 0, 0, 0, 0, 1, 4, 0, 154, 255, 251, 255, 255, 255, 255, 255,
  255, 255, 255, 255, 255, 255, 255, 255, 255, 255, 255, 255, 255, 255, 255, 255, 255, 255, 255, 255, 255, 255, 255, 255,
  255, 255, 255, 255, 255, 255, 255, 255, 255, 255, 255, 255, 255, 251, 255, 154, 0, 4, 1, 0, 0, 0, 0, 0,
  0, 0, 0, 0, 0, 0, 1, 2, 0, 154, 255, 250, 255, 255, 255, 255, 255, 255, 255, 255, 255, 255, 255, 255,
  255, 255, 255, 255, 255, 255, 255, 255, 255, 255, 255, 255, 255, 255, 255, 255, 255, 255, 255, 255, 255, 255, 255, 255,
  255, 255, 255, 255, 250, 255, 154, 0, 2, 1, 0, 0, 0, 0, 0, 0, 0, 0, 0, 0, 0, 0, 0, 1,
  3, 0, 154, 255, 252, 254, 255, 255, 255, 255, 255, 255, 255, 255, 255, 255, 255, 255, 255, 255, 255, 255, 255, 255,
  255, 255, 255, 255, 255, 255, 255, 255, 255, 255, 255, 255, 255, 255, 255, 255, 255, 255, 254, 252, 255, 154, 0, 3,
  1, 0, 0, 0, 0, 0, 0, 0, 0, 0, 0, 0, 0, 0, 0, 0, 1, 2, 0, 143, 255, 255, 252, 255,
  255, 255, 255, 255, 255, 255, 255, 255, 255, 255, 255, 255, 255, 255, 255, 255, 255, 255, 255, 255, 255, 255, 255, 255,
  255, 255, 255, 255, 255, 255, 255, 255, 255, 252, 255, 255, 143, 0, 2, 1, 0, 0, 0, 0, 0, 0, 0, 0,
  0, 0, 0, 0, 0, 0, 0, 0, 0, 1, 2, 0, 86, 236, 255, 251, 254, 255, 255, 255, 255, 255, 255, 255,
  255, 255, 255, 255, 255, 255, 255, 255, 255, 255, 255, 255, 255, 255, 255, 255, 255, 255, 255, 255, 255, 255, 255, 254,
  251, 255, 236, 86, 0, 2, 1, 0, 0, 0, 0, 0, 0, 0, 0, 0, 0, 0, 0, 0, 0, 0, 0, 0,
  0, 0, 0, 4, 0, 38, 184, 255, 255, 251, 254, 255, 255, 255, 255, 255, 255, 255, 255, 255, 255, 255, 255, 255,
  255, 255, 255, 255, 255, 255, 255, 255, 255, 255, 255, 255, 255, 254, 251, 255, 255, 184, 38, 0, 4, 0, 0, 0,
  0, 0, 0, 0, 0, 0, 0, 0, 0, 0, 0, 0, 0, 0, 0, 0, 0, 0, 0, 0, 4, 0, 0, 98,
  229, 255, 255, 251, 253, 255, 255, 255, 255, 255, 255, 255, 255, 255, 255, 255, 255, 255, 255, 255, 255, 255, 255, 255,
  255, 255, 255, 253, 251, 255, 255, 229, 98, 0, 0, 4, 0, 0, 0, 0, 0, 0, 0, 0, 0, 0, 0, 0,
  0, 0, 0, 0, 0, 0, 0, 0, 0, 0, 0, 0, 0, 2, 1, 0, 22, 128, 232, 255, 255, 254, 251, 253,
  254, 255, 255, 255, 255, 255, 255, 255, 255, 255, 255, 255, 255, 255, 255, 254, 253, 251, 254, 255, 255, 232, 128, 22,
  0, 1, 2, 0, 0, 0, 0, 0, 0, 0, 0, 0, 0, 0, 0, 0, 0, 0, 0, 0, 0, 0, 0, 0,
  0, 0, 0, 0, 0, 0, 0, 4, 0, 0, 23, 117, 210, 255, 255, 255, 255, 253, 252, 253, 253, 254, 255, 255,
  255, 255, 254, 253, 253, 252, 253, 255, 255, 255, 255, 210, 117, 23, 0, 0, 4, 0, 0, 0, 0, 0, 0, 0,
  0, 0, 0, 0, 0, 0, 0, 0, 0, 0, 0, 0, 0, 0, 0, 0, 0, 0, 0, 0, 0, 0, 0, 0,
  1, 3, 0, 0, 3, 57, 137, 210, 248, 255, 255, 255, 255, 255, 255, 255, 255, 255, 255, 255, 255, 255, 255, 248,
  210, 137, 57, 3, 0, 0, 3, 1, 0, 0, 0, 0, 0, 0, 0, 0, 0, 0, 0, 0, 0, 0, 0, 0,
  0, 0, 0, 0, 0, 0, 0, 0, 0, 0, 0, 0, 0, 0, 0, 0, 0, 0, 1, 4, 0, 0, 0, 4,
  44, 87, 136, 186, 203, 241, 255, 254, 254, 255, 241, 203, 186, 136, 87, 44, 4, 0, 0, 0, 4, 1, 0, 0,
  0, 0, 0, 0, 0, 0, 0, 0, 0, 0, 0, 0, 0, 0, 0, 0,
};

static const uint16_t LOGO_XRP_MEDIUM_RGB[] PROGMEM = {
  0x0000, 0x0000, 0x0000, 0x0000, 0x0000, 0x0000, 0xFFFF, 0xFFFF, 0x0000, 0x0000, 0xFFFF, 0xFFFF, 0xFFFF, 0xFFFF, 0xFFFF, 0xFFFF,
  0xFFFF, 0xFFFF, 0xFFFF, 0xFFFF, 0xFFFF, 0xFFFF, 0x0000, 0x0000, 0xFFFF, 0xFFFF, 0x0000, 0x0000, 0x0000, 0x0000, 0x0000, 0x0000,
  0x0000, 0x0000, 0x0000, 0x0000, 0x0000, 0xFFFF, 0x0000, 0x0000, 0xFFFF, 0xFFFF, 0xFFFF, 0xFFFF, 0xFFFF, 0xFFFF, 0xFFFF, 0xFFFF,
  0xFFFF, 0xFFFF, 0xFFFF, 0xFFFF, 0xFFFF, 0xFFFF, 0xFFFF, 0xFFFF, 0x0000, 0x0000, 0xFFFF, 0x0000, 0x0000, 0x0000, 0x0000, 0x0000,
  0x0000, 0x0000, 0x0000, 0x0000, 0xFFFF, 0x0000, 0xFFFF, 0xFFFF, 0xFFFF, 0xFFFF, 0xFFFF, 0xFFFF, 0xFFFF, 0xFFFF, 0xFFFF, 0xFFFF,
  0xFFFF, 0xFFFF, 0xFFFF, 0xFFFF, 0xFFFF, 0xFFFF, 0xFFFF, 0xFFFF, 0xFFFF, 0xFFFF, 0x0000, 0xFFFF, 0x0000, 0x0000, 0x0000, 0x0000,
  0x0000, 0x0000, 0x0000, 0xFFFF, 0x0000, 0xFFFF, 0xFFFF, 0xFFFF, 0xFFFF, 0xFFFF, 0xFFFF, 0xFFFF, 0xFFFF, 0xFFFF, 0xFFFF, 0xFFFF,
  0xFFFF, 0xFFFF, 0xFFFF, 0xFFFF, 0xFFFF, 0xFFFF, 0xFFFF, 0xFFFF, 0xFFFF, 0xFFFF, 0xFFFF, 0x0000, 0xFFFF, 0x0000, 0x0000, 0x0000,
  0x0000, 0x0000, 0xFFFF, 0x0000, 0xFFFF, 0xFFFF, 0xFFFF, 0xFFFF, 0xFFFF, 0xFFFF, 0xFFFF, 0xFFFF, 0xFFFF, 0xFFFF, 0xFFFF, 0xFFFF,
  0xFFFF, 0xFFFF, 0xFFFF, 0xFFFF, 0xFFFF, 0xFFFF, 0xFFFF, 0xFFFF, 0xFFFF, 0xFFFF, 0xFFFF, 0xFFFF, 0x0000, 0xFFFF, 0x0000, 0x0000,
  0x0000, 0xFFFF, 0x0000, 0xFFFF, 0xFFFF, 0xFFFF, 0xFFFF, 0xFFFF, 0xFFFF, 0xFFFF, 0xFFFF, 0xFFFF, 0xFFFF, 0xFFFF, 0xFFFF, 0xFFFF,
  0xFFFF, 0xFFFF, 0xFFFF, 0xFFFF, 0xFFFF, 0xFFFF, 0xFFFF, 0xFFFF, 0xFFFF, 0xFFFF, 0xFFFF, 0xFFFF, 0xFFFF, 0x0000, 0xFFFF, 0x0000,
  0xFFFF, 0xFFFF, 0xFFFF, 0xFFFF, 0xFFFF, 0xFFFF, 0xFFFF, 0xFFFF, 0xFFFF, 0xFFFF, 0xFFFF, 0xFFFF, 0xFFFF, 0xFFFF, 0xFFFF, 0xFFFF,
  0xFFFF, 0xFFFF, 0xFFFF, 0xFFFF, 0xFFFF, 0xFFFF, 0xFFFF, 0xFFFF, 0xFFFF, 0xFFFF, 0xFFFF, 0xFFFF, 0xFFFF, 0xFFFF, 0xFFFF, 0xFFFF,
  0xFFFF, 0x0000, 0xFFFF, 0xFFFF, 0xFFFF, 0xFFFF, 0xFFFF, 0xFFFF, 0xFFFF, 0xFFFF, 0xFFFF, 0xFFFF, 0xFFFF, 0xFFFF, 0xFFFF, 0xFFFF,
  0xFFFF, 0xFFFF, 0xFFFF, 0xFFFF, 0xFFFF, 0xFFFF, 0xFFFF, 0xFFFF, 0xFFFF, 0xFFFF, 0xFFFF, 0xFFFF, 0xFFFF, 0xFFFF, 0x0000, 0xFFFF,
  0xFFFF, 0xFFFF, 0xFFFF, 0xFFFF, 0xFFFF, 0xFFFF, 0xFFFF, 0xFFFF, 0xFFFF, 0xFFFF, 0xFFFF, 0xFFFF, 0xFFFF, 0xFFFF, 0xFFFF, 0xFFFF,
  0xFFFF, 0xFFFF, 0xFFFF, 0xFFFF, 0xFFFF, 0xFFFF, 0xFFFF, 0xFFFF, 0xFFFF, 0xFFFF, 0xFFFF, 0xFFFF, 0xFFFF, 0xFFFF, 0xFFFF, 0xFFFF,
  0x0000, 0xFFFF, 0xFFFF, 0xFFFF, 0xFFFF, 0xFFFF, 0xFFFF, 0xFFFF, 0xEF5D, 0xB5D7, 0xDEDB, 0xFFFF, 0xFFFF, 0xFFFF, 0xFFFF, 0xFFFF,
  0xFFFF, 0xFFFF, 0xFFFF, 0xFFFF, 0xFFDF, 0xBE18, 0xCE79, 0xFFFF, 0xFFFF, 0xFFFF, 0xFFFF, 0xFFFF, 0xFFFF, 0xFFFF, 0xFFFF, 0x0000,
  0xFFFF, 0xFFFF, 0xFFFF, 0xFFFF, 0xFFFF, 0xFFFF, 0xFFFF, 0xFFFF, 0xEF7D, 0x52CB, 0x10C3, 0xBDD7, 0xFFFF, 0xFFDF, 0xFFFF, 0xFFFF,
  0xFFFF, 0xFFFF, 0xFFFF, 0xF7BE, 0x52AB, 0x10C4, 0xBDD7, 0xFFFF, 0xFFFF, 0xFFFF, 0xFFFF, 0xFFFF, 0xFFFF, 0xFFFF, 0xFFFF, 0xFFFF,
  0xFFFF, 0xFFFF, 0xFFFF, 0xFFFF, 0xFFFF, 0xFFFF, 0xFFFF, 0xFFFF, 0xFFFF, 0xFFDF, 0x5AEC, 0x08A3, 0xBDD7, 0xFFFF, 0xFFDF, 0xFFFF,
  0xFFDF, 0xFFFF, 0xF7BE, 0x52AB, 0x10C4, 0xC638, 0xFFFF, 0xFFFF, 0xFFFF, 0xFFFF, 0xFFFF, 0xFFFF, 0xFFFF, 0xFFFF, 0xFFFF, 0xFFFF,
  0xFFFF, 0xFFFF, 0xFFFF, 0xFFFF, 0xFFFF, 0xFFFF, 0xFFFF, 0xFFFF, 0xFFFF, 0xFFFF, 0xFFDF, 0x5B0C, 0x08A3, 0xBDD7, 0xFFFF, 0xFFFF,
  0xFFFF, 0xF7BE, 0x52AB, 0x10C4, 0xC638, 0xFFFF, 0xFFDF, 0xFFFF, 0xFFFF, 0xFFFF, 0xFFFF, 0xFFFF, 0xFFFF, 0xFFFF, 0xFFFF, 0xFFFF,
  0xFFFF, 0xFFFF, 0xFFFF, 0xFFFF, 0xFFFF, 0xFFFF, 0xFFFF, 0xFFFF, 0xFFFF, 0xFFFF, 0xFFFF, 0xFFDF, 0x5B0C, 0x08A3, 0x9492, 0xD6BB,
  0xBE18, 0x4229, 0x10C4, 0xC638, 0xFFFF, 0xFFDF, 0xFFFF, 0xFFFF, 0xFFFF, 0xFFFF, 0xFFFF, 0xFFFF, 0xFFFF, 0xFFFF, 0xFFFF, 0xFFFF,
  0xFFFF, 0xFFFF, 0xFFFF, 0xFFFF, 0xFFFF, 0xFFFF, 0xFFFF, 0xFFFF, 0xFFFF, 0xFFFF, 0xFFFF, 0xFFFF, 0xFFDF, 0x6B8E, 0x10A3, 0x10C3,
  0x08A3, 0x31C7, 0xC659, 0xFFFF, 0xFFFF, 0xFFFF, 0xFFFF, 0xFFFF, 0xFFFF, 0xFFFF, 0xFFFF, 0xFFFF, 0xFFFF, 0xFFFF, 0xFFFF, 0xFFFF,
  0xFFFF, 0xFFFF, 0xFFFF, 0xFFFF, 0xFFFF, 0xFFFF, 0xFFFF, 0xFFFF, 0xFFFF, 0xFFFF, 0xFFFF, 0xFFFF, 0xFFFF, 0xFFFF, 0xEF5D, 0xC638,
  0xD6BA, 0xFFFF, 0xFFFF, 0xFFFF, 0xFFFF, 0xFFFF, 0xFFFF, 0xFFFF, 0xFFFF, 0xFFFF, 0xFFFF, 0xFFFF, 0xFFFF, 0xFFFF, 0xFFFF, 0xFFFF,
  0xFFFF, 0xFFFF, 0xFFFF, 0xFFFF, 0xFFFF, 0xFFFF, 0xFFFF, 0xFFFF, 0xFFFF, 0xFFFF, 0xFFFF, 0xFFFF, 0xFFFF, 0xF79E, 0xA534, 0x7BEF,
  0x8451, 0xCE79, 0xFFFF, 0xFFFF, 0xFFFF, 0xFFFF, 0xFFFF, 0xFFFF, 0xFFFF, 0xFFFF, 0xFFFF, 0xFFFF, 0xFFFF, 0xFFFF, 0xFFFF, 0xFFFF,
  0xFFFF, 0xFFFF, 0xFFFF, 0xFFFF, 0xFFFF, 0xFFFF, 0xFFFF, 0xFFFF, 0xFFFF, 0xFFFF, 0xFFFF, 0xFFFF, 0xD6BB, 0x31C7, 0x10A3, 0x39E8,
  0x2966, 0x0883, 0x8451, 0xFFFF, 0xFFFF, 0xFFFF, 0xFFFF, 0xFFFF, 0xFFFF, 0xFFFF, 0xFFFF, 0xFFFF, 0xFFFF, 0xFFFF, 0xFFFF, 0xFFFF,
  0xFFFF, 0xFFFF, 0xFFFF, 0xFFFF, 0xFFFF, 0xFFFF, 0xFFFF, 0xFFFF, 0xFFFF, 0xFFFF, 0xFFFF, 0xD6DB, 0x2146, 0x31A7, 0xD69A, 0xFFFF,
  0xF7BE, 0x8451, 0x0042, 0x8431, 0xFFFF, 0xFFFF, 0xFFFF, 0xFFFF, 0xFFFF, 0xFFFF, 0xFFFF, 0xFFFF, 0xFFFF, 0xFFFF, 0xFFFF, 0xFFFF,
  0xFFFF, 0xFFFF, 0xFFFF, 0xFFFF, 0xFFFF, 0xFFFF, 0xFFFF, 0xFFFF, 0xFFFF, 0xFFFF, 0xD6DB, 0x2146, 0x31A7, 0xE71C, 0xFFFF, 0xFFFF,
  0xFFFF, 0xFFFF, 0x8C72, 0x0042, 0x8431, 0xFFFF, 0xFFFF, 0xFFFF, 0xFFFF, 0xFFFF, 0xFFFF, 0xFFFF, 0xFFFF, 0xFFFF, 0xFFFF, 0xFFFF,
  0xFFFF, 0xFFFF, 0xFFFF, 0xFFFF, 0xFFFF, 0xFFFF, 0xFFFF, 0xFFFF, 0xFFFF, 0xD69A, 0x2145, 0x31A7, 0xE71C, 0xFFFF, 0xFFDF, 0xFFFF,
  0xFFFF, 0xFFFF, 0xFFFF, 0x94B3, 0x0062, 0x7BF0, 0xFFFF, 0xFFFF, 0xFFFF, 0xFFFF, 0xFFFF, 0xFFFF, 0xFFFF, 0xFFFF, 0xFFFF, 0xFFFF,
  0xFFFF, 0xFFFF, 0xFFFF, 0xFFFF, 0xFFFF, 0xFFFF, 0xFFFF, 0xFFFF, 0xDEFC, 0x4249, 0x3A29, 0xE71C, 0xFFFF, 0xFFFF, 0xFFFF, 0xFFFF,
  0xFFFF, 0xFFFF, 0xFFFF, 0xFFFF, 0x94D3, 0x2125, 0x94D3, 0xFFFF, 0xFFFF, 0xFFFF, 0xFFFF, 0xFFFF, 0xFFFF, 0xFFFF, 0xFFFF, 0xFFFF,
  0x0000, 0xFFFF, 0xFFFF, 0xFFFF, 0xFFFF, 0xFFFF, 0xFFFF, 0xFFFF, 0xF79E, 0xEF7D, 0xFFFF, 0xFFFF, 0xFFFF, 0xFFFF, 0xFFFF, 0xFFFF,
  0xFFFF, 0xFFFF, 0xFFFF, 0xFFFF, 0xFFFF, 0xF7BE, 0xEF5D, 0xFFFF, 0xFFFF, 0xFFFF, 0xFFFF, 0xFFFF, 0xFFFF, 0xFFFF, 0xFFFF, 0x0000,
  0xFFFF, 0xFFFF, 0xFFFF, 0xFFFF, 0xFFFF, 0xFFFF, 0xFFFF, 0xFFFF, 0xFFFF, 0xFFFF, 0xFFFF, 0xFFFF, 0xFFFF, 0xFFFF, 0xFFFF, 0xFFFF,
  0xFFFF, 0xFFFF, 0xFFFF, 0xFFFF, 0xFFFF, 0xFFFF, 0xFFFF, 0xFFFF, 0xFFFF, 0xFFFF, 0xFFFF, 0xFFFF, 0xFFFF, 0xFFFF, 0xFFFF, 0xFFFF,
  0xFFFF, 0x0000, 0xFFFF, 0xFFFF, 0xFFFF, 0xFFFF, 0xFFFF, 0xFFFF, 0xFFFF, 0xFFFF, 0xFFFF, 0xFFFF, 0xFFFF, 0xFFFF, 0xFFFF, 0xFFFF,
  0xFFFF, 0xFFFF, 0xFFFF, 0xFFFF, 0xFFFF, 0xFFFF, 0xFFFF, 0xFFFF, 0xFFFF, 0xFFFF, 0xFFFF, 0xFFFF, 0xFFFF, 0xFFFF, 0x0000, 0xFFFF,
  0xFFFF, 0xFFFF, 0xFFFF, 0xFFFF, 0xFFFF, 0xFFFF, 0xFFFF, 0xFFFF, 0xFFFF, 0xFFFF, 0xFFFF, 0xFFFF, 0xFFFF, 0xFFFF, 0xFFFF, 0xFFFF,
  0xFFFF, 0xFFFF, 0xFFFF, 0xFFFF, 0xFFFF, 0xFFFF, 0xFFFF, 0xFFFF, 0xFFFF, 0xFFFF, 0xFFFF, 0xFFFF, 0xFFFF, 0xFFFF, 0xFFFF, 0xFFFF,
  0x0000, 0xFFFF, 0x0000, 0xFFFF, 0xFFFF, 0xFFFF, 0xFFFF, 0xFFFF, 0xFFFF, 0xFFFF, 0xFFFF, 0xFFFF, 0xFFFF, 0xFFFF, 0xFFFF, 0xFFFF,
  0xFFFF, 0xFFFF, 0xFFFF, 0xFFFF, 0xFFFF, 0xFFFF, 0xFFFF, 0xFFFF, 0xFFFF, 0xFFFF, 0xFFFF, 0xFFFF, 0xFFFF, 0x0000, 0xFFFF, 0x0000,
  0x0000, 0x0000, 0xFFFF, 0x0000, 0xFFFF, 0xFFFF, 0xFFFF, 0xFFFF, 0xFFFF, 0xFFFF, 0xFFFF, 0xFFFF, 0xFFFF, 0xFFFF, 0xFFFF, 0xFFFF,
  0xFFFF, 0xFFFF, 0xFFFF, 0xFFFF, 0xFFFF, 0xFFFF, 0xFFFF, 0xFFFF, 0xFFFF, 0xFFFF, 0xFFFF, 0xFFFF, 0x0000, 0xFFFF, 0x0000, 0x0000,
  0x0000, 0x0000, 0x0000, 0xFFFF, 0x0000, 0xFFFF, 0xFFFF, 0xFFFF, 0xFFFF, 0xFFFF, 0xFFFF, 0xFFFF, 0xFFFF, 0xFFFF, 0xFFFF, 0xFFFF,
  0xFFFF, 0xFFFF, 0xFFFF, 0xFFFF, 0xFFFF, 0xFFFF, 0xFFFF, 0xFFFF, 0xFFFF, 0xFFFF, 0xFFFF, 0x0000, 0xFFFF, 0x0000, 0x0000, 0x0000,
  0x0000, 0x0000, 0x0000, 0x0000, 0xFFFF, 0x0000, 0xFFFF, 0xFFFF, 0xFFFF, 0xFFFF, 0xFFFF, 0xFFFF, 0xFFFF, 0xFFFF, 0xFFFF, 0xFFFF,
  0xFFFF, 0xFFFF, 0xFFFF, 0xFFFF, 0xFFFF, 0xFFFF, 0xFFFF, 0xFFFF, 0xFFFF, 0xFFFF, 0x0000, 0xFFFF, 0x0000, 0x0000, 0x0000, 0x0000,
  0x0000, 0x0000, 0x0000, 0x0000, 0x0000, 0xFFFF, 0x0000, 0x0000, 0xFFFF, 0xFFFF, 0xFFFF, 0xFFFF, 0xFFFF, 0xFFFF, 0xFFFF, 0xFFFF,
  0xFFFF, 0xFFFF, 0xFFFF, 0xFFFF, 0xFFFF, 0xFFFF, 0xFFFF, 0xFFFF, 0x0000, 0x0000, 0xFFFF, 0x0000, 0x0000, 0x0000, 0x0000, 0x0000,
  0x0000, 0x0000, 0x0000, 0x0000, 0x0000, 0x0000, 0xFFFF, 0xFFFF, 0x0000, 0x0000, 0xFFFF, 0xFFFF, 0xFFFF, 0xFFFF, 0xFFFF, 0xFFFF,
  0xFFFF, 0xFFFF, 0xFFFF, 0xFFFF, 0xFFFF, 0xFFFF, 0x0000, 0x0000, 0xFFFF, 0xFFFF, 0x0000, 0x0000, 0x0000, 0x0000, 0x0000, 0x0000,
};
static const uint8_t LOGO_XRP_MEDIUM_ALPHA[] PROGMEM = {
  0, 0, 0, 0, 0, 0, 1, 3, 0, 0, 25, 103, 169, 205, 250, 255, 255, 250, 205, 169, 103, 25, 0, 0,
  3, 1, 0, 0, 0, 0, 0, 0, 0, 0, 0, 0, 0, 2, 0, 0, 43, 152, 228, 255, 255, 255, 255, 255,
  255, 255, 255, 255, 255, 228, 152, 43, 0, 0, 2, 0, 0, 0, 0, 0, 0, 0, 0, 0, 3, 0, 5, 128,
  250, 255, 255, 253, 253, 253, 255, 255, 255, 255, 253, 253, 253, 255, 255, 250, 128, 5, 0, 3, 0, 0, 0, 0,
  0, 0, 0, 3, 0, 37, 196, 255, 255, 251, 254, 255, 255, 255, 255, 255, 255, 255, 255, 255, 255, 254, 251, 255,
  255, 196, 37, 0, 3, 0, 0, 0, 0, 0, 2, 0, 53, 237, 255, 251, 254, 255, 255, 255, 255, 255, 255, 255,
  255, 255, 255, 255, 255, 255, 255, 254, 251, 255, 237, 53, 0, 2, 0, 0, 0, 2, 0, 34, 238, 255, 251, 255,
  255, 255, 255, 255, 255, 255, 255, 255, 255, 255, 255, 255, 255, 255, 255, 255, 255, 251, 255, 238, 34, 0, 2, 0,
  1, 2, 5, 200, 255, 252, 255, 255, 255, 255, 255, 255, 255, 255, 255, 255, 255, 255, 255, 255, 255, 255, 255, 255,
  255, 255, 252, 255, 200, 5, 2, 1, 4, 0, 128, 255, 251, 255, 255, 255, 255, 255, 255, 255, 255, 255, 255, 255,
  255, 255, 255, 255, 255, 255, 255, 255, 255, 255, 255, 251, 255, 128, 0, 4, 1, 39, 251, 252, 254, 255, 255, 255,
  255, 255, 255, 255, 255, 255, 255, 255, 255, 255, 255, 255, 255, 255, 255, 255, 255, 255, 255, 254, 252, 251, 39, 1,
  0, 152, 255, 251, 255, 255, 255, 255, 255, 255, 255, 255, 255, 255, 255, 255, 255, 255, 255, 255, 255, 255, 255, 255,
  255, 255, 255, 255, 251, 255, 152, 0, 23, 232, 254, 254, 255, 255, 255, 255, 255, 255, 255, 255, 255, 255, 255, 255,
  255, 255, 255, 255, 255, 255, 255, 255, 255, 255, 255, 255, 254, 254, 232, 23, 101, 255, 253, 255, 255, 255, 255, 255,
  255, 255, 255, 255, 255, 255, 255, 255, 255, 255, 255, 255, 255, 255, 255, 255, 255, 255, 255, 255, 255, 253, 255, 101,
  173, 254, 252, 255, 255, 255, 255, 255, 255, 255, 255, 255, 255, 255, 255, 255, 255, 255, 255, 255, 255, 255, 255, 255,
  255, 255, 255, 255, 255, 252, 254, 173, 210, 255, 253, 255, 255, 255, 255, 255, 255, 255, 255, 255, 255, 255, 255, 255,
  255, 255, 255, 255, 255, 255, 255, 255, 255, 255, 255, 255, 255, 253, 255, 210, 250, 255, 255, 255, 255, 255, 255, 255,
  255, 255, 255, 255, 255, 255, 255, 255, 255, 255, 255, 255, 255, 255, 255, 255, 255, 255, 255, 255, 255, 255, 255, 250,
  255, 255, 255, 255, 255, 255, 255, 255, 255, 255, 255, 255, 255, 255, 255, 255, 255, 255, 255, 255, 255, 255, 255, 255,
  255, 255, 255, 255, 255, 255, 255, 255, 255, 255, 255, 255, 255, 255, 255, 255, 255, 255, 255, 255, 255, 255, 255, 255,
  255, 255, 255, 255, 255, 255, 255, 255, 255, 255, 255, 255, 255, 255, 255, 255, 250, 255, 255, 255, 255, 255, 255, 255,
  255, 255, 255, 255, 255, 255, 255, 255, 255, 255, 255, 255, 255, 255, 255, 255, 255, 255, 255, 255, 255, 255, 255, 250,
  210, 255, 253, 255, 255, 255, 255, 255, 255, 255, 255, 255, 255, 255, 255, 255, 255, 255, 255, 255, 255, 255, 255, 255,
  255, 255, 255, 255, 255, 253, 255, 210, 173, 254, 252, 255, 255, 255, 255, 255, 255, 255, 255, 255, 255, 255, 255, 255,
  255, 255, 255, 255, 255, 255, 255, 255, 255, 255, 255, 255, 255, 252, 254, 173, 101, 255, 253, 255, 255, 255, 255, 255,
  255, 255, 255, 255, 255, 255, 255, 255, 255, 255, 255, 255, 255, 255, 255, 255, 255, 255, 255, 255, 255, 253, 255, 101,
  23, 232, 254, 254, 255, 255, 255, 255, 255, 255, 255, 255, 255, 255, 255, 255, 255, 255, 255, 255, 255, 255, 255, 255,
  255, 255, 255, 255, 254, 254, 232, 23, 0, 152, 255, 251, 255, 255, 255, 255, 255, 255, 255, 255, 255, 255, 255, 255,
  255, 255, 255, 255, 255, 255, 255, 255, 255, 255, 255, 255, 251, 255, 152, 0, 1, 39, 251, 252, 254, 255, 255, 255,
  255, 255, 255, 255, 255, 255, 255, 255, 255, 255, 255, 255, 255, 255, 255, 255, 255, 255, 255, 254, 252, 251, 39, 1,
  4, 0, 128, 255, 251, 255, 255, 255, 255, 255, 255, 255, 255, 255, 255, 255, 255, 255, 255, 255, 255, 255, 255, 255,
  255, 255, 255, 251, 255, 128, 0, 4, 1, 2, 5, 200, 255, 252, 255, 255, 255, 255, 255, 255, 255, 255, 255, 255,
  255, 255, 255, 255, 255, 255, 255, 255, 255, 255, 252, 255, 200, 5, 2, 1, 0, 2, 0, 34, 238, 255, 251, 255,
  255, 255, 255, 255, 255, 255, 255, 255, 255, 255, 255, 255, 255, 255, 255, 255, 255, 251, 255, 238, 34, 0, 2, 0,
  0, 0, 2, 0, 53, 237, 255, 251, 254, 255, 255, 255, 255, 255, 255, 255, 255, 255, 255, 255, 255, 255, 255, 254,
  251, 255, 237, 53, 0, 2, 0, 0, 0, 0, 0, 3, 0, 37, 196, 255, 255, 251, 254, 255, 255, 255, 255, 255,
  255, 255, 255, 255, 255, 254, 251, 255, 255, 196, 37, 0, 3, 0, 0, 0, 0, 0, 0, 0, 3, 0, 5, 128,
  250, 255, 255, 253, 253, 253, 255, 255, 255, 255, 253, 253, 253, 255, 255, 250, 128, 5, 0, 3, 0, 0, 0, 0,
  0, 0, 0, 0, 0, 2, 0, 0, 43, 152, 228, 255, 255, 255, 255, 255, 255, 255, 255, 255, 255, 228, 152, 43,
  0, 0, 2, 0, 0, 0, 0, 0, 0, 0, 0, 0, 0, 0, 1, 3, 0, 0, 25, 103, 169, 205, 250, 255,
  255, 250, 205, 169, 103, 25, 0, 0, 3, 1, 0, 0, 0, 0, 0, 0,
};

static const uint16_t LOGO_XRP_SMALL_RGB[] PROGMEM = {
  0x0000, 0x0000, 0x0000, 0xFFFF, 0x0000, 0xFFFF, 0xFFFF, 0xFFFF, 0xFFFF, 0xFFFF, 0xFFFF, 0xFFFF, 0xFFFF, 0xFFFF, 0xFFFF, 0x0000,
  0xFFFF, 0x0000, 0x0000, 0x0000, 0x0000, 0x0000, 0xFFFF, 0x0000, 0xFFFF, 0xFFFF, 0xFFFF, 0xFFFF, 0xFFFF, 0xFFFF, 0xFFFF, 0xFFFF,
  0xFFFF, 0xFFFF, 0xFFFF, 0xFFFF, 0x0000, 0xFFFF, 0x0000, 0x0000, 0x0000, 0xFFFF, 0x0000, 0xFFFF, 0xFFFF, 0xFFFF, 0xFFFF, 0xFFFF,
  0xFFFF, 0xFFFF, 0xFFFF, 0xFFFF, 0xFFFF, 0xFFFF, 0xFFFF, 0xFFFF, 0xFFFF, 0x0000, 0xFFFF, 0x0000, 0xFFFF, 0x0000, 0xFFFF, 0xFFFF,
  0xFFFF, 0xFFFF, 0xFFFF, 0xFFFF, 0xFFFF, 0xFFFF, 0xFFFF, 0xFFFF, 0xFFFF, 0xFFFF, 0xFFFF, 0xFFFF, 0xFFFF, 0xFFFF, 0x0000, 0xFFFF,
  0x0000, 0xFFFF, 0xFFFF, 0xFFFF, 0xFFFF, 0xFFFF, 0xFFFF, 0xFFFF, 0xFFFF, 0xFFFF, 0xFFFF, 0xFFFF, 0xFFFF, 0xFFFF, 0xFFFF, 0xFFFF,
  0xFFFF, 0xFFFF, 0xFFFF, 0x0000, 0xFFFF, 0xFFFF, 0xFFFF, 0xFFFF, 0xFFFF, 0xF7BE, 0xFFFF, 0xFFFF, 0xFFFF, 0xFFFF, 0xFFFF, 0xFFFF,
  0xFFFF, 0xFFFF, 0xFFDF, 0xFFFF, 0xFFFF, 0xFFFF, 0xFFFF, 0xFFFF, 0xFFFF, 0xFFFF, 0xFFFF, 0xFFFF, 0xFFFF, 0xCE9A, 0x52AB, 0xDF1C,
  0xFFFF, 0xFFDF, 0xFFDF, 0xFFFF, 0xC618, 0x52CB, 0xE73C, 0xFFFF, 0xFFFF, 0xFFFF, 0xFFFF, 0xFFFF, 0xFFFF, 0xFFFF, 0xFFFF, 0xFFFF,
  0xFFFF, 0xFFFF, 0xA535, 0x31C7, 0xDEFC, 0xFFFF, 0xFFFF, 0xBE18, 0x29A7, 0xC638, 0xFFFF, 0xFFFF, 0xFFFF, 0xFFFF, 0xFFFF, 0xFFFF,
  0xFFFF, 0xFFFF, 0xFFFF, 0xFFFF, 0xFFFF, 0xFFFF, 0xFFFF, 0xAD75, 0x31A7, 0x9D14, 0x8C92, 0x31A7, 0xCE79, 0xFFFF, 0xFFFF, 0xFFFF,
  0xFFFF, 0xFFFF, 0xFFFF, 0xFFFF, 0xFFFF, 0xFFFF, 0xFFFF, 0xFFFF, 0xFFFF, 0xFFFF, 0xFFFF, 0xFFFF, 0xD69A, 0x73AF, 0x7C10, 0xE73C,
  0xFFFF, 0xFFFF, 0xFFFF, 0xFFFF, 0xFFFF, 0xFFFF, 0xFFFF, 0xFFFF, 0xFFFF, 0xFFFF, 0xFFFF, 0xFFFF, 0xFFFF, 0xFFFF, 0xFFFF, 0xFFFF,
  0xCE79, 0x73AE, 0x73CF, 0xDEDB, 0xFFFF, 0xFFFF, 0xFFFF, 0xFFFF, 0xFFFF, 0xFFFF, 0xFFFF, 0xFFFF, 0xFFFF, 0xFFFF, 0xFFFF, 0xFFFF,
  0xFFFF, 0xFFFF, 0xFFFF, 0xA514, 0x31A7, 0xA555, 0x9CD3, 0x2987, 0xC618, 0xFFFF, 0xFFFF, 0xFFFF, 0xFFFF, 0xFFFF, 0xFFFF, 0xFFFF,
  0xFFFF, 0xFFFF, 0xFFFF, 0xFFFF, 0xFFFF, 0xFFFF, 0x9CF4, 0x31C7, 0xE71C, 0xFFFF, 0xFFFF, 0xC639, 0x2987, 0xBDD7, 0xFFFF, 0xFFFF,
  0xFFFF, 0xFFFF, 0xFFFF, 0xFFFF, 0xFFFF, 0xFFFF, 0xFFFF, 0xFFFF, 0xFFFF, 0xCE79, 0x52AB, 0xE71C, 0xFFFF, 0xFFDF, 0xFFDF, 0xFFFF,
  0xCE79, 0x52CB, 0xE71C, 0xFFFF, 0xFFFF, 0xFFFF, 0xFFFF, 0xFFFF, 0xFFFF, 0xFFFF, 0xFFFF, 0xFFFF, 0xFFFF, 0xFFDF, 0xFFFF, 0xFFFF,
  0xFFFF, 0xFFFF, 0xFFFF, 0xFFFF, 0xFFFF, 0xFFFF, 0xFFDF, 0xFFFF, 0xFFFF, 0xFFFF, 0xFFFF, 0xFFFF, 0x0000, 0xFFFF, 0xFFFF, 0xFFFF,
  0xFFFF, 0xFFFF, 0xFFFF, 0xFFFF, 0xFFFF, 0xFFFF, 0xFFFF, 0xFFFF, 0xFFFF, 0xFFFF, 0xFFFF, 0xFFFF, 0xFFFF, 0xFFFF, 0xFFFF, 0x0000,
  0xFFFF, 0x0000, 0xFFFF, 0xFFFF, 0xFFFF, 0xFFFF, 0xFFFF, 0xFFFF, 0xFFFF, 0xFFFF, 0xFFFF, 0xFFFF, 0xFFFF, 0xFFFF, 0xFFFF, 0xFFFF,
  0xFFFF, 0xFFFF, 0x0000, 0xFFFF, 0x0000, 0xFFFF, 0x0000, 0xFFFF, 0xFFFF, 0xFFFF, 0xFFFF, 0xFFFF, 0xFFFF, 0xFFFF, 0xFFFF, 0xFFFF,
  0xFFFF, 0xFFFF, 0xFFFF, 0xFFFF, 0xFFFF, 0x0000, 0xFFFF, 0x0000, 0x0000, 0x0000, 0xFFFF, 0x0000, 0xFFFF, 0xFFFF, 0xFFFF, 0xFFFF,
  0xFFFF, 0xFFFF, 0xFFFF, 0xFFFF, 0xFFFF, 0xFFFF, 0xFFFF, 0xFFFF, 0x0000, 0xFFFF, 0x0000, 0x0000, 0x0000, 0x0000, 0x0000, 0xFFFF,
  0x0000, 0xFFFF, 0xFFFF, 0xFFFF, 0xFFFF, 0xFFFF, 0xFFFF, 0xFFFF, 0xFFFF, 0xFFFF, 0xFFFF, 0x0000, 0xFFFF, 0x0000, 0x0000, 0x0000,
};
static const uint8_t LOGO_XRP_SMALL_ALPHA[] PROGMEM = {
  0, 0, 0, 3, 0, 6, 101, 185, 228, 254, 254, 228, 185, 101, 6, 0, 3, 0, 0, 0, 0, 0, 2, 0,
  85, 208, 255, 255, 255, 255, 255, 255, 255, 255, 208, 85, 0, 2, 0, 0, 0, 3, 0, 143, 255, 255, 253, 253,
  254, 255, 255, 254, 253, 253, 255, 255, 143, 0, 3, 0, 4, 0, 143, 255, 251, 253, 255, 255, 255, 255, 255, 255,
  255, 255, 253, 251, 255, 143, 0, 4, 0, 81, 255, 250, 254, 255, 255, 255, 255, 255, 255, 255, 255, 255, 255, 254,
  250, 255, 81, 0, 8, 215, 255, 253, 255, 255, 255, 255, 255, 255, 255, 255, 255, 255, 255, 255, 253, 255, 215, 8,
  99, 255, 253, 255, 255, 255, 255, 255, 255, 255, 255, 255, 255, 255, 255, 255, 255, 253, 255, 99, 187, 254, 252, 255,
  255, 255, 255, 255, 255, 255, 255, 255, 255, 255, 255, 255, 255, 252, 254, 187, 231, 255, 254, 255, 255, 255, 255, 255,
  255, 255, 255, 255, 255, 255, 255, 255, 255, 254, 255, 231, 255, 255, 255, 255, 255, 255, 255, 255, 255, 255, 255, 255,
  255, 255, 255, 255, 255, 255, 255, 255, 255, 255, 255, 255, 255, 255, 255, 255, 255, 255, 255, 255, 255, 255, 255, 255,
  255, 255, 255, 255, 231, 255, 254, 255, 255, 255, 255, 255, 255, 255, 255, 255, 255, 255, 255, 255, 255, 254, 255, 231,
  187, 254, 252, 255, 255, 255, 255, 255, 255, 255, 255, 255, 255, 255, 255, 255, 255, 252, 254, 187, 99, 255, 253, 255,
  255, 255, 255, 255, 255, 255, 255, 255, 255, 255, 255, 255, 255, 253, 255, 99, 8, 215, 255, 253, 255, 255, 255, 255,
  255, 255, 255, 255, 255, 255, 255, 255, 253, 255, 215, 8, 0, 81, 255, 250, 254, 255, 255, 255, 255, 255, 255, 255,
  255, 255, 255, 254, 250, 255, 81, 0, 4, 0, 143, 255, 251, 253, 255, 255, 255, 255, 255, 255, 255, 255, 253, 251,
  255, 143, 0, 4, 0, 3, 0, 143, 255, 255, 253, 253, 254, 255, 255, 254, 253, 253, 255, 255, 143, 0, 3, 0,
  0, 0, 2, 0, 85, 208, 255, 255, 255, 255, 255, 255, 255, 255, 208, 85, 0, 2, 0, 0, 0, 0, 0, 3,
  0, 6, 101, 185, 228, 254, 254, 228, 185, 101, 6, 0, 3, 0, 0, 0,
};

static const uint16_t LOGO_XLM_LARGE_RGB[] PROGMEM = {
  0x0000, 0x0000, 0x0000, 0x0000, 0x0000, 0x0000, 0x0000, 0x0000, 0x0000, 0x0000, 0x0000, 0x0000, 0x0000, 0x0000, 0x0000, 0x0000,
  0x0000, 0x0000, 0xFFFF, 0xFFFF, 0x0000, 0x0000, 0x0000, 0xFFFF, 0xFFFF, 0xFFFF, 0xFFFF, 0xFFFF, 0xFFFF, 0xFFFF, 0xFFFF, 0xFFFF,
  0xFFFF, 0xFFFF, 0xFFFF, 0xFFFF, 0xFFFF, 0xFFFF, 0xFFFF, 0xFFFF, 0xFFFF, 0x0000, 0x0000, 0x0000, 0xFFFF, 0xFFFF, 0x0000, 0x0000,
  0x0000, 0x0000, 0x0000, 0x0000, 0x0000, 0x0000, 0x0000, 0x0000, 0x0000, 0x0000, 0x0000, 0x0000, 0x0000, 0x0000, 0x0000, 0x0000,
  0x0000, 0x0000, 0x0000, 0x0000, 0x0000, 0x0000, 0x0000, 0x0000, 0x0000, 0x0000, 0x0000, 0x0000, 0x0000, 0x0000, 0x0000, 0x0000,
  0xFFFF, 0xFFFF, 0x0000, 0x0000, 0xFFFF, 0xFFFF, 0xFFFF, 0xFFFF, 0xFFFF, 0xFFFF, 0xFFFF, 0xFFFF, 0xFFFF, 0xFFFF, 0xFFFF, 0xFFFF,
  0xFFFF, 0xFFFF, 0xFFFF, 0xFFFF, 0xFFFF, 0xFFFF, 0xFFFF, 0xFFFF, 0xFFFF, 0xFFFF, 0xFFFF, 0xFFFF, 0x0000, 0x0000, 0xFFFF, 0xFFFF,
  0x0000, 0x0000, 0x0000, 0x0000, 0x0000, 0x0000, 0x0000, 0x0000, 0x0000, 0x0000, 0x0000, 0x0000, 0x0000, 0x0000, 0x0000, 0x0000,
  0x0000, 0x0000, 0x0000, 0x0000, 0x0000, 0x0000, 0x0000, 0x0000, 0x0000, 0x0000, 0x0000, 0x0000, 0x0000, 0x0000, 0x0000, 0xFFFF,
  0x0000, 0x0000, 0xFFFF, 0xFFFF, 0xFFFF, 0xFFFF, 0xFFFF, 0xFFFF, 0xFFFF, 0xFFFF, 0xFFFF, 0xFFFF, 0xFFFF, 0xFFFF, 0xFFFF, 0xFFFF,
  0xFFFF, 0xFFFF, 0xFFFF, 0xFFFF, 0xFFFF, 0xFFFF, 0xFFFF, 0xFFFF, 0xFFFF, 0xFFFF, 0xFFFF, 0xFFFF, 0xFFFF, 0xFFFF, 0x0000, 0x0000,
  0xFFFF, 0x0000, 0x0000, 0x0000, 0x0000, 0x0000, 0x0000, 0x0000, 0x0000, 0x0000, 0x0000, 0x0000, 0x0000, 0x0000, 0x0000, 0x0000,
  0x0000, 0x0000, 0x0000, 0x0000, 0x0000, 0x0000, 0x0000, 0x0000, 0x0000, 0x0000, 0x0000, 0x0000, 0x0000, 0xFFFF, 0xFFFF, 0x0000,
  0xFFFF, 0xFFFF, 0xFFFF, 0xFFFF, 0xFFFF, 0xFFFF, 0xFFFF, 0xFFFF, 0xFFFF, 0xFFFF, 0xFFFF, 0xFFFF, 0xFFFF, 0xFFFF, 0xFFFF, 0xFFFF,
  0xFFFF, 0xFFFF, 0xFFFF, 0xFFFF, 0xFFFF, 0xFFFF, 0xFFFF, 0xFFFF, 0xFFFF, 0xFFFF, 0xFFFF, 0xFFFF, 0xFFFF, 0xFFFF, 0xFFFF, 0xFFFF,
  0x0000, 0xFFFF, 0xFFFF, 0x0000, 0x0000, 0x0000, 0x0000, 0x0000, 0x0000, 0x0000, 0x0000, 0x0000, 0x0000, 0x0000, 0x0000, 0x0000,
  0x0000, 0x0000, 0x0000, 0x0000, 0x0000, 0x0000, 0x0000, 0x0000, 0x0000, 0x0000, 0x0000, 0x0000, 0xFFFF, 0x0000, 0x0000, 0xFFFF,
  0xFFFF, 0xFFFF, 0xFFFF, 0xFFFF, 0xFFFF, 0xFFFF, 0xFFFF, 0xFFFF, 0xFFFF, 0xFFFF, 0xFFFF, 0xFFFF, 0xFFFF, 0xFFFF, 0xFFFF, 0xFFFF,
  0xFFFF, 0xFFFF, 0xFFFF, 0xFFFF, 0xFFFF, 0xFFFF, 0xFFFF, 0xFFFF, 0xFFFF, 0xFFFF, 0xFFFF, 0xFFFF, 0xFFFF, 0xFFFF, 0xFFFF, 0xFFFF,
  0xFFFF, 0x0000, 0x0000, 0xFFFF, 0x0000, 0x0000, 0x0000, 0x0000, 0x0000, 0x0000, 0x0000, 0x0000, 0x0000, 0x0000, 0x0000, 0x0000,
  0x0000, 0x0000, 0x0000, 0x0000, 0x0000, 0x0000, 0x0000, 0x0000, 0x0000, 0x0000, 0x0000, 0xFFFF, 0x0000, 0xFFFF, 0xFFFF, 0xFFFF,
  0xFFFF, 0xFFFF, 0xFFFF, 0xFFFF, 0xFFFF, 0xFFFF, 0xFFFF, 0xFFFF, 0xFFFF, 0xFFFF, 0xFFFF, 0xFFFF, 0xFFFF, 0xFFFF, 0xFFFF, 0xFFFF,
  0xFFFF, 0xFFFF, 0xFFFF, 0xFFFF, 0xFFFF, 0xFFFF, 0xFFFF, 0xFFFF, 0xFFFF, 0xFFFF, 0xFFFF, 0xFFFF, 0xFFFF, 0xFFFF, 0xFFFF, 0xFFFF,
  0xFFFF, 0xFFFF, 0xFFFF, 0x0000, 0xFFFF, 0x0000, 0x0000, 0x0000, 0x0000, 0x0000, 0x0000, 0x0000, 0x0000, 0x0000, 0x0000, 0x0000,
  0x0000, 0x0000, 0x0000, 0x0000, 0x0000, 0x0000, 0x0000, 0x0000, 0x0000, 0xFFFF, 0xFFFF, 0x0000, 0xFFFF, 0xFFFF, 0xFFFF, 0xFFFF,
  0xFFFF, 0xFFFF, 0xFFFF, 0xFFFF, 0xFFFF, 0xFFFF, 0xFFFF, 0xFFFF, 0xFFFF, 0xFFFF, 0xFFFF, 0xFFFF, 0xFFFF, 0xFFFF, 0xFFFF, 0xFFFF,
  0xFFFF, 0xFFFF, 0xFFFF, 0xFFFF, 0xFFFF, 0xFFFF, 0xFFFF, 0xFFFF, 0xFFFF, 0xFFFF, 0xFFFF, 0xFFFF, 0xFFFF, 0xFFFF, 0xFFFF, 0xFFFF,
  0xFFFF, 0xFFFF, 0xFFFF, 0xFFFF, 0x0000, 0xFFFF, 0xFFFF, 0x0000, 0x0000, 0x0000, 0x0000, 0x0000, 0x0000, 0x0000, 0x0000, 0x0000,
  0x0000, 0x0000, 0x0000, 0x0000, 0x0000, 0x0000, 0x0000, 0x0000, 0xFFFF, 0xFFFF, 0x0000, 0xFFFF, 0xFFFF, 0xFFFF, 0xFFFF, 0xFFFF,
  0xFFFF, 0xFFFF, 0xFFFF, 0xFFFF, 0xFFFF, 0xFFFF, 0xFFFF, 0xFFFF, 0xFFFF, 0xFFFF, 0xFFFF, 0xFFFF, 0xFFFF, 0xFFFF, 0xFFFF, 0xFFFF,
  0xFFFF, 0xFFFF, 0xFFFF, 0xFFFF, 0xFFFF, 0xFFFF, 0xFFFF, 0xFFFF, 0xFFFF, 0xFFFF, 0xFFFF, 0xFFFF, 0xFFFF, 0xFFFF, 0xFFFF, 0xFFFF,
  0xFFFF, 0xFFFF, 0xFFFF, 0xFFFF, 0xFFFF, 0x0000, 0xFFFF, 0xFFFF, 0x0000, 0x0000, 0x0000, 0x0000, 0x0000, 0x0000, 0x0000, 0x0000,
  0x0000, 0x0000, 0x0000, 0x0000, 0x0000, 0x0000, 0x0000, 0xFFFF, 0xFFFF, 0x0000, 0xFFFF, 0xFFFF, 0xFFFF, 0xFFFF, 0xFFFF, 0xFFFF,
  0xFFFF, 0xFFFF, 0xFFFF, 0xFFFF, 0xFFFF, 0xFFFF, 0xFFFF, 0xFFFF, 0xFFFF, 0xFFFF, 0xFFFF, 0xFFFF, 0xFFFF, 0xFFFF, 0xFFFF, 0xFFFF,
  0xFFFF, 0xFFFF, 0xFFFF, 0xFFFF, 0xFFFF, 0xFFFF, 0xFFFF, 0xFFFF, 0xFFFF, 0xFFFF, 0xFFFF, 0xFFFF, 0xFFFF, 0xFFFF, 0xFFFF, 0xFFFF,
  0xFFFF, 0xFFFF, 0xFFFF, 0xFFFF, 0xFFFF, 0xFFFF, 0x0000, 0xFFFF, 0xFFFF, 0x0000, 0x0000, 0x0000, 0x0000, 0x0000, 0x0000, 0x0000,
  0x0000, 0x0000, 0x0000, 0x0000, 0x0000, 0x0000, 0xFFFF, 0xFFFF, 0x0000, 0xFFFF, 0xFFFF, 0xFFFF, 0xFFFF, 0xFFFF, 0xFFFF, 0xFFFF,
  0xFFFF, 0xFFFF, 0xFFFF, 0xFFFF, 0xFFFF, 0xFFFF, 0xFFFF, 0xFFFF, 0xFFFF, 0xFFFF, 0xFFFF, 0xFFFF, 0xFFFF, 0xFFFF, 0xFFFF, 0xFFFF,
  0xFFFF, 0xFFFF, 0xFFFF, 0xFFFF, 0xFFFF, 0xFFFF, 0xFFFF, 0xFFFF, 0xFFFF, 0xFFFF, 0xFFFF, 0xFFFF, 0xFFFF, 0xFFFF, 0xFFFF, 0xFFFF,
  0xFFFF, 0xFFFF, 0xFFFF, 0xFFFF, 0xFFFF, 0xFFFF, 0xFFFF, 0x0000, 0xFFFF, 0xFFFF, 0x0000, 0x0000, 0x0000, 0x0000, 0x0000, 0x0000,
  0x0000, 0x0000, 0x0000, 0x0000, 0x0000, 0xFFFF, 0xFFFF, 0x0000, 0xFFFF, 0xFFFF, 0xFFFF, 0xFFFF, 0xFFFF, 0xFFFF, 0xFFFF, 0xFFFF,
  0xFFFF, 0xFFFF, 0xFFFF, 0xFFFF, 0xFFFF, 0xFFFF, 0xFFFF, 0xFFFF, 0xFFFF, 0xFFFF, 0xFFFF, 0xFFFF, 0xFFFF, 0xFFFF, 0xFFFF, 0xFFFF,
  0xFFFF, 0xFFFF, 0xFFFF, 0xFFFF, 0xFFFF, 0xFFFF, 0xFFFF, 0xFFFF, 0xFFFF, 0xFFFF, 0xFFFF, 0xFFFF, 0xFFFF, 0xFFFF, 0xFFFF, 0xFFFF,
  0xFFFF, 0xFFFF, 0xFFFF, 0xFFFF, 0xFFFF, 0xFFFF, 0xFFFF, 0xFFFF, 0x0000, 0xFFFF, 0xFFFF, 0x0000, 0x0000, 0x0000, 0x0000, 0x0000,
  0x0000, 0x0000, 0x0000, 0x0000, 0x0000, 0xFFFF, 0x0000, 0xFFFF, 0xFFFF, 0xFFFF, 0xFFFF, 0xFFFF, 0xFFFF, 0xFFFF, 0xFFFF, 0xFFFF,
  0xFFFF, 0xFFFF, 0xFFFF, 0xFFFF, 0xFFFF, 0xFFFF, 0xFFFF, 0xFFFF, 0xFFFF, 0xFFFF, 0xFFFF, 0xFFFF, 0xFFFF, 0xFFFF, 0xFFFF, 0xFFFF,
  0xFFFF, 0xFFFF, 0xFFFF, 0xFFFF, 0xFFFF, 0xFFFF, 0xFFFF, 0xFFFF, 0xFFFF, 0xFFFF, 0xFFFF, 0xFFFF, 0xFFFF, 0xFFFF, 0xFFFF, 0xFFFF,
  0xFFFF, 0xFFFF, 0xFFFF, 0xFFFF, 0xFFFF, 0xFFFF, 0xFFFF, 0xFFFF, 0xFFFF, 0x0000, 0xFFFF, 0x0000, 0x0000, 0x0000, 0x0000, 0x0000,
  0x0000, 0x0000, 0x0000, 0x0000, 0xFFFF, 0x0000, 0xFFFF, 0xFFFF, 0xFFFF, 0xFFFF, 0xFFFF, 0xFFFF, 0xFFFF, 0xFFFF, 0xFFFF, 0xFFFF,
  0xFFFF, 0xFFFF, 0xFFFF, 0xFFFF, 0xFFFF, 0xFFFF, 0xFFFF, 0xFFFF, 0xFFFF, 0xFFFF, 0xFFFF, 0xFFFF, 0xFFFF, 0xFFFF, 0xFFFF, 0xFFFF,
  0xFFFF, 0xFFFF, 0xFFFF, 0xFFFF, 0xFFFF, 0xFFFF, 0xFFFF, 0xFFFF, 0xFFFF, 0xFFFF, 0xFFFF, 0xFFFF, 0xFFFF, 0xFFFF, 0xFFFF, 0xFFFF,
  0xFFFF, 0xFFFF, 0xFFFF, 0xFFFF, 0xFFFF, 0xFFFF, 0xFFFF, 0xFFFF, 0xFFFF, 0xFFFF, 0x0000, 0xFFFF, 0x0000, 0x0000, 0x0000, 0x0000,
  0x0000, 0x0000, 0x0000, 0xFFFF, 0x0000, 0xFFFF, 0xFFFF, 0xFFFF, 0xFFFF, 0xFFFF, 0xFFFF, 0xFFFF, 0xFFFF, 0xFFFF, 0xFFFF, 0xFFFF,
  0xFFFF, 0xFFFF, 0xFFFF, 0xFFFF, 0xFFFF, 0xFFFF, 0xFFFF, 0xFFFF, 0xFFFF, 0xFFFF, 0xFFFF, 0xFFFF, 0xFFFF, 0xFFFF, 0xFFFF, 0xFFFF,
  0xFFFF, 0xFFFF, 0xFFFF, 0xFFFF, 0xFFFF, 0xFFFF, 0xFFFF, 0xFFFF, 0xFFFF, 0xFFFF, 0xFFFF, 0xFFFF, 0xFFFF, 0xFFFF, 0xFFFF, 0xFFFF,
  0xFFFF, 0xFFFF, 0xFFFF, 0xFFFF, 0xFFFF, 0xFFFF, 0xFFFF, 0xFFFF, 0xFFFF, 0xFFFF, 0xFFFF, 0x0000, 0xFFFF, 0x0000, 0x0000, 0x0000,
  0x0000, 0x0000, 0x0000, 0xFFFF, 0xFFFF, 0xFFFF, 0xFFFF, 0xFFFF, 0xFFFF, 0xFFFF, 0xFFFF, 0xFFFF, 0xFFFF, 0xFFFF, 0xFFFF, 0xFFFF,
  0xFFFF, 0xFFFF, 0xFFFF, 0xFFFF, 0xFFFF, 0xFFFF, 0xFFFF, 0xFFFF, 0xFFFF, 0xFFFF, 0xFFFF, 0xFFFF, 0xFFFF, 0xFFFF, 0xFFFF, 0xFFFF,
  0xFFFF, 0xFFFF, 0xFFFF, 0xFFFF, 0xFFFF, 0xFFFF, 0xFFFF, 0xFFFF, 0xFFFF, 0xFFFF, 0xFFFF, 0xFFFF, 0xFFFF, 0xFFFF, 0xFFFF, 0xFFFF,
  0xFFFF, 0xFFFF, 0xFFFF, 0xFFFF, 0xFFFF, 0xFFFF, 0xFFFF, 0xFFFF, 0xFFFF, 0xFFFF, 0xFFFF, 0xFFFF, 0xFFFF, 0x0000, 0x0000, 0x0000,
  0x0000, 0x0000, 0xFFFF, 0x0000, 0xFFFF, 0xFFFF, 0xFFFF, 0xFFFF, 0xFFFF, 0xFFFF, 0xFFFF, 0xFFFF, 0xFFFF, 0xFFFF, 0xFFFF, 0xFFFF,
  0xFFFF, 0xFFFF, 0xFFFF, 0xFFFF, 0xFFFF, 0xFFFF, 0xFFFF, 0xFFFF, 0xFFFF, 0xFFFF, 0xFFFF, 0xFFFF, 0xFFFF, 0xFFFF, 0xFFFF, 0xF7DF,
  0xFFDF, 0xFFFF, 0xFFFF, 0xFFFF, 0xFFFF, 0xFFFF, 0xFFFF, 0xFFFF, 0xFFFF, 0xFFFF, 0xFFFF, 0xFFFF, 0xFFFF, 0xFFFF, 0xFFFF, 0xFFFF,
  0xFFFF, 0xFFFF, 0xFFFF, 0xFFFF, 0xFFFF, 0xFFFF, 0xFFFF, 0xFFFF, 0xFFFF, 0xFFFF, 0xFFFF, 0xFFFF, 0x0000, 0xFFFF, 0x0000, 0x0000,
  0x0000, 0xFFFF, 0xFFFF, 0xFFFF, 0xFFFF, 0xFFFF, 0xFFFF, 0xFFFF, 0xFFFF, 0xFFFF, 0xFFFF, 0xFFFF, 0xFFFF, 0xFFFF, 0xFFFF, 0xFFFF,
  0xFFFF, 0xFFFF, 0xFFFF, 0xFFFF, 0xFFFF, 0xFFFF, 0xFFFF, 0xFFDF, 0xFFFF, 0xFFFF, 0xEF7D, 0xB5B6, 0x7BEF, 0x5ACB, 0x4228, 0x39E7,
  0x41E7, 0x4A49, 0x630C, 0x8C71, 0xCE39, 0xFFFF, 0xFFFF, 0xFFFF, 0xFFFF, 0xFFFF, 0xFFFF, 0xFFFF, 0xFFFF, 0xFFFF, 0xFFFF, 0xFFFF,
  0xFFDF, 0xFFFF, 0xFFFF, 0xFFFF, 0xFFFF, 0xFFFF, 0xFFFF, 0xFFFF, 0xFFFF, 0xFFFF, 0xFFFF, 0xFFFF, 0xFFFF, 0xFFFF, 0xFFFF, 0x0000,
  0x0000, 0xFFFF, 0x0000, 0xFFFF, 0xFFFF, 0xFFFF, 0xFFFF, 0xFFFF, 0xFFFF, 0xFFFF, 0xFFFF, 0xFFFF, 0xFFFF, 0xFFFF, 0xFFFF, 0xFFFF,
  0xFFFF, 0xFFFF, 0xFFFF, 0xFFFF, 0xFFFF, 0xFFFF, 0xFFFF, 0xFFFF, 0xDEFB, 0x7BEF, 0x3186, 0x18A2, 0x1062, 0x1061, 0x1061, 0x0841,
  0x1041, 0x1061, 0x1061, 0x1082, 0x18C3, 0x4208, 0x9CD3, 0xF7BE, 0xFFFF, 0xFFFF, 0xFFFF, 0xFFFF, 0xFFFF, 0xFFFF, 0xFFFF, 0xFFFF,
  0xFFFF, 0xE71C, 0xE71C, 0xFFFF, 0xFFFF, 0xFFFF, 0xFFFF, 0xFFFF, 0xFFFF, 0xFFFF, 0xFFFF, 0xFFFF, 0xFFFF, 0x0000, 0xFFFF, 0x0000,
  0xFFFF, 0xFFFF, 0xFFFF, 0xFFFF, 0xFFFF, 0xFFFF, 0xFFFF, 0xFFFF, 0xFFFF, 0xFFFF, 0xFFFF, 0xFFFF, 0xFFFF, 0xFFFF, 0xFFFF, 0xFFFF,
  0xFFFF, 0xFFFF, 0xFFFF, 0xFFFF, 0xFFFF, 0xFFFF, 0xFFFF, 0x8C71, 0x2924, 0x1082, 0x1082, 0x1082, 0x2104, 0x41E8, 0x5ACB, 0x6B2C,
  0x632C, 0x52AA, 0x39A7, 0x20E3, 0x1082, 0x1882, 0x1061, 0x2945, 0xBDD7, 0xFFFF, 0xFFFF, 0xFFFF, 0xFFFF, 0xFFFF, 0xFFFF, 0xEF5D,
  0x8C51, 0x2104, 0xB5B6, 0xFFFF, 0xFFFF, 0xFFFF, 0xFFFF, 0xFFFF, 0xFFFF, 0xFFFF, 0xFFFF, 0xFFFF, 0xFFFF, 0xFFFF, 0xFFFF, 0xFFFF,
  0xFFFF, 0x0000, 0xFFFF, 0xFFFF, 0xFFFF, 0xFFFF, 0xFFFF, 0xFFFF, 0xFFFF, 0xFFFF, 0xFFFF, 0xFFFF, 0xFFFF, 0xFFFF, 0xFFFF, 0xFFFF,
  0xFFFF, 0xFFFF, 0xFFFF, 0xFFFF, 0xFFFF, 0xE73C, 0x528A, 0x1082, 0x18C3, 0x18A2, 0x4A29, 0x9CD3, 0xDEDB, 0xFFDF, 0xFFFF, 0xFFFF,
  0xFFFF, 0xFFFF, 0xF79E, 0xCE59, 0x8410, 0x3186, 0x2904, 0x736D, 0xD69A, 0xFFFF, 0xFFDF, 0xFFFF, 0xFFFF, 0xEF5D, 0x8C71, 0x3166,
  0x18A2, 0x0841, 0xBDB6, 0xFFFF, 0xFFFF, 0xFFFF, 0xFFFF, 0xFFFF, 0xFFFF, 0xFFFF, 0xFFFF, 0xFFFF, 0xFFFF, 0xFFFF, 0x0000, 0xFFFF,
  0xFFFF, 0xFFFF, 0xFFFF, 0xFFFF, 0xFFFF, 0xFFFF, 0xFFFF, 0xFFFF, 0xFFFF, 0xFFFF, 0xFFFF, 0xFFFF, 0xFFFF, 0xFFFF, 0xFFFF, 0xFFFF,
  0xFFFF, 0xFFFF, 0xFFFF, 0xFFFF, 0xDF1C, 0x39C7, 0x18A2, 0x18A3, 0x3186, 0xAD55, 0xFFDF, 0xFFFF, 0xFFFF, 0xFFFF, 0xFFFF, 0xFFFF,
  0xFFFF, 0xFFFF, 0xFFFF, 0xFFFF, 0xFFFF, 0xE73C, 0xDEDB, 0xFFFF, 0xFFFF, 0xFFFF, 0xFFFF, 0xEF7D, 0x9492, 0x3186, 0x1082, 0x18A2,
  0x1082, 0x39C7, 0xD6BA, 0xFFFF, 0xFFFF, 0xFFFF, 0xFFFF, 0xFFFF, 0xFFFF, 0xFFFF, 0xFFFF, 0xFFFF, 0xFFFF, 0xFFFF, 0xFFFF, 0xFFFF,
  0x0000, 0xFFFF, 0xFFFF, 0xFFFF, 0xFFFF, 0xFFFF, 0xFFFF, 0xFFFF, 0xFFFF, 0xFFFF, 0xFFFF, 0xFFFF, 0xFFFF, 0xFFFF, 0xFFFF, 0xFFFF,
  0xFFFF, 0xFFFF, 0xFFFF, 0xEF5D, 0x39E7, 0x18A2, 0x18A2, 0x5ACB, 0xEF5D, 0xFFFF, 0xFFFF, 0xFFDF, 0xFFFF, 0xFFFF, 0xFFFF, 0xFFFF,
  0xFFFF, 0xFFFF, 0xFFFF, 0xFFFF, 0xFFFF, 0xFFFF, 0xFFFF, 0xFFFF, 0xFFFF, 0xF79E, 0x94B2, 0x39A6, 0x1082, 0x18A2, 0x1082, 0x39C7,
  0x9CD3, 0xF7BE, 0xFFFF, 0xFFFF, 0xFFFF, 0xFFFF, 0xFFFF, 0xFFFF, 0xFFFF, 0xFFFF, 0xFFFF, 0xFFFF, 0xFFFF, 0xFFFF, 0xFFFF, 0x0000,
  0x0000, 0xFFFF, 0xFFFF, 0xFFFF, 0xFFFF, 0xFFFF, 0xFFFF, 0xFFFF, 0xFFFF, 0xFFFF, 0xFFFF, 0xFFFF, 0xFFFF, 0xFFFF, 0xFFFF, 0xFFFF,
  0xFFFF, 0xFFFF, 0xFFFF, 0x5AEB, 0x1882, 0x18A2, 0x6B2D, 0xFFFF, 0xFFFF, 0xFFFF, 0xFFFF, 0xFFFF, 0xFFFF, 0xFFFF, 0xFFFF, 0xFFFF,
  0xFFFF, 0xFFFF, 0xFFFF, 0xFFFF, 0xFFFF, 0xFFFF, 0xFFFF, 0xF79E, 0x9CD3, 0x39C7, 0x1082, 0x18A2, 0x1882, 0x39A6, 0x9CD3, 0xF79E,
  0xFFFF, 0xFFFF, 0xFFFF, 0xFFFF, 0xFFFF, 0xFFFF, 0xFFFF, 0xFFFF, 0xFFFF, 0xFFFF, 0xFFFF, 0xFFFF, 0xFFFF, 0xFFFF, 0xFFFF, 0x0000,
  0xFFFF, 0xFFFF, 0xFFFF, 0xFFFF, 0xFFFF, 0xFFFF, 0xFFFF, 0xFFFF, 0xFFFF, 0xFFFF, 0xFFFF, 0xFFFF, 0xFFFF, 0xFFFF, 0xFFFF, 0xFFFF,
  0xFFFF, 0xFFFF, 0xA514, 0x1082, 0x18C3, 0x528A, 0xFFDF, 0xFFFF, 0xFFFF, 0xFFFF, 0xFFFF, 0xFFFF, 0xFFFF, 0xFFFF, 0xFFFF, 0xFFFF,
  0xFFFF, 0xFFFF, 0xFFFF, 0xFFFF, 0xFFFF, 0xF7BE, 0xA4F3, 0x39C7, 0x18A2, 0x18A2, 0x1082, 0x3186, 0x9492, 0xEF7D, 0xFFFF, 0xFFFF,
  0xFFDF, 0xFFFF, 0xFFFF, 0xFFFF, 0xFFFF, 0xFFFF, 0xFFFF, 0xFFFF, 0xFFFF, 0xFFFF, 0xFFFF, 0xFFFF, 0xFFFF, 0xFFFF, 0xFFFF, 0xFFFF,
  0xFFFF, 0xFFFF, 0xFFFF, 0xFFFF, 0xFFFF, 0xFFFF, 0xFFFF, 0xFFFF, 0xFFFF, 0xFFFF, 0xFFFF, 0xFFFF, 0xFFFF, 0xFFFF, 0xFFFF, 0xFFFF,
  0xFFFF, 0xEF7D, 0x3186, 0x18A3, 0x2945, 0xE71C, 0xFFFF, 0xFFFF, 0xFFFF, 0xFFFF, 0xFFFF, 0xFFFF, 0xFFFF, 0xFFFF, 0xFFFF, 0xFFFF,
  0xFFFF, 0xFFFF, 0xFFFF, 0xFFDF, 0xA534, 0x41E7, 0x1082, 0x10A2, 0x1082, 0x3186, 0x9472, 0xEF7D, 0xFFFF, 0xFFFF, 0xFFDF, 0xFFFF,
  0xFFFF, 0xC638, 0xD6BA, 0xFFFF, 0xFFFF, 0xFFFF, 0xFFFF, 0xFFFF, 0xFFFF, 0xFFFF, 0xFFFF, 0xFFFF, 0xFFFF, 0xFFFF, 0xFFFF, 0xFFFF,
  0xFFFF, 0xFFFF, 0xFFFF, 0xFFFF, 0xFFFF, 0xFFFF, 0xFFFF, 0xFFFF, 0xFFFF, 0xFFFF, 0xFFFF, 0xFFFF, 0xFFFF, 0xFFFF, 0xFFFF, 0xFFFF,
  0xFFFF, 0x9CD3, 0x1082, 0x1082, 0x9CD3, 0xFFFF, 0xFFFF, 0xFFFF, 0xFFFF, 0xFFFF, 0xFFFF, 0xFFFF, 0xFFFF, 0xFFFF, 0xFFFF, 0xFFFF,
  0xFFFF, 0xFFDF, 0xAD55, 0x4208, 0x18A2, 0x18A2, 0x1082, 0x2965, 0x8C51, 0xEF5D, 0xFFFF, 0xFFFF, 0xFFDF, 0xFFFF, 0xFFFF, 0xCE79,
  0x6B2D, 0x1082, 0xB596, 0xFFFF, 0xFFFF, 0xFFFF, 0xFFFF, 0xFFFF, 0xFFFF, 0xFFFF, 0xFFFF, 0xFFFF, 0xFFFF, 0xFFFF, 0xFFFF, 0xFFFF,
  0xFFFF, 0xFFFF, 0xFFFF, 0xFFFF, 0xFFFF, 0xFFFF, 0xFFFF, 0xFFFF, 0xFFFF, 0xFFFF, 0xFFFF, 0xFFFF, 0xFFFF, 0xFFFF, 0xFFFF, 0xFFFF,
  0xFFFF, 0x4A49, 0x1082, 0x39A6, 0xF79E, 0xFFFF, 0xFFFF, 0xFFFF, 0xFFFF, 0xFFFF, 0xFFFF, 0xFFFF, 0xFFFF, 0xFFFF, 0xFFFF, 0xFFFF,
  0xAD75, 0x4228, 0x10A2, 0x10A2, 0x1082, 0x2945, 0x8430, 0xE73C, 0xFFFF, 0xFFFF, 0xFFDF, 0xFFFF, 0xFFFF, 0xD69A, 0x6B4D, 0x20C3,
  0x18A2, 0x0841, 0xB5B6, 0xFFFF, 0xFFFF, 0xFFFF, 0xFFFF, 0xFFFF, 0xFFFF, 0xFFFF, 0xFFFF, 0xFFFF, 0xFFFF, 0xFFFF, 0xFFFF, 0xFFFF,
  0xFFFF, 0xFFFF, 0xFFFF, 0xFFFF, 0xFFFF, 0xFFFF, 0xFFFF, 0xFFFF, 0xFFFF, 0xFFFF, 0xFFFF, 0xFFFF, 0xFFFF, 0xFFFF, 0xFFFF, 0xFFFF,
  0xD6BA, 0x2104, 0x1062, 0x7BEF, 0xFFFF, 0xFFDF, 0xFFFF, 0xFFFF, 0xFFFF, 0xFFFF, 0xFFFF, 0xFFFF, 0xFFFF, 0xFFFF, 0xB596, 0x4A49,
  0x18A2, 0x18A2, 0x1082, 0x2945, 0x8410, 0xE73C, 0xFFFF, 0xFFFF, 0xFFDF, 0xFFFF, 0xFFFF, 0xD6BA, 0x6B6D, 0x20E3, 0x1082, 0x20E3,
  0x18C3, 0x5ACB, 0xE71C, 0xFFFF, 0xFFFF, 0xFFFF, 0xFFFF, 0xFFFF, 0xFFFF, 0xFFFF, 0xFFFF, 0xFFFF, 0xFFFF, 0xFFFF, 0xFFFF, 0xFFFF,
  0xFFFF, 0xFFFF, 0xFFFF, 0xFFFF, 0xFFFF, 0xFFFF, 0xFFFF, 0xFFFF, 0xFFFF, 0xFFFF, 0xFFFF, 0xFFFF, 0xFFFF, 0xFFFF, 0xFFFF, 0xFFFF,
  0xA534, 0x1082, 0x18C3, 0xBDF7, 0xFFFF, 0xFFFF, 0xFFFF, 0xFFFF, 0xFFFF, 0xFFFF, 0xFFFF, 0xFFFF, 0xB5B6, 0x4A69, 0x18A3, 0x18A2,
  0x1082, 0x2924, 0x7BEF, 0xE71C, 0xFFFF, 0xFFFF, 0xFFDF, 0xFFFF, 0xFFFF, 0xDEDB, 0x738E, 0x2104, 0x1082, 0x20E4, 0x2104, 0x18E3,
  0xAD34, 0xFFFF, 0xFFFF, 0xFFFF, 0xFFFF, 0xFFFF, 0xFFFF, 0xFFFF, 0xFFFF, 0xFFFF, 0xFFFF, 0xFFFF, 0xFFFF, 0xFFFF, 0xFFFF, 0xFFFF,
  0xFFFF, 0xFFFF, 0xFFFF, 0xFFFF, 0xFFFF, 0xFFFF, 0xFFFF, 0xFFFF, 0xFFFF, 0xFFFF, 0xFFFF, 0xFFFF, 0xFFFF, 0xFFFF, 0xFFFF, 0xFFFF,
  0x7BEF, 0x1061, 0x2945, 0xE71C, 0xFFFF, 0xFFFF, 0xFFFF, 0xFFFF, 0xFFFF, 0xFFFF, 0xBDD7, 0x528A, 0x18A3, 0x10A2, 0x1082, 0x2924,
  0x7BAF, 0xDEFB, 0xFFFF, 0xFFFF, 0xF7DF, 0xFFFF, 0xFFFF, 0xDEFB, 0x7BAF, 0x2124, 0x1082, 0x18A2, 0x18C3, 0x2904, 0x1082, 0x738E,
  0xFFFF, 0xFFDF, 0xFFFF, 0xFFFF, 0xFFFF, 0xFFFF, 0xFFFF, 0xFFFF, 0xFFFF, 0xFFFF, 0xFFFF, 0xFFFF, 0xFFFF, 0xFFFF, 0xFFFF, 0xFFFF,
  0xFFFF, 0xFFFF, 0xFFFF, 0xFFFF, 0xFFFF, 0xFFFF, 0xFFFF, 0xFFFF, 0xFFFF, 0xFFFF, 0xFFFF, 0xFFFF, 0xFFFF, 0xFFFF, 0xFFFF, 0xFFFF,
  0x6B4D, 0x0861, 0x39C7, 0xF7BE, 0xFFFF, 0xFFFF, 0xFFFF, 0xFFFF, 0xBDF7, 0x52AA, 0x18A3, 0x18A2, 0x1882, 0x2104, 0x73AE, 0xDEDB,
  0xFFFF, 0xFFFF, 0xFFDF, 0xFFFF, 0xFFFF, 0xE71C, 0x7BCF, 0x2924, 0x1082, 0x18A2, 0x10A2, 0x5AAB, 0x8C30, 0x20E3, 0x1082, 0xA534,
  0xFFFF, 0xFFFF, 0xFFFF, 0xFFFF, 0xFFFF, 0xFFFF, 0xFFFF, 0xFFFF, 0xFFFF, 0xFFFF, 0xFFFF, 0xFFFF, 0xFFFF, 0xFFFF, 0xFFFF, 0xFFFF,
  0xFFFF, 0xFFFF, 0xFFFF, 0xFFFF, 0xFFFF, 0xFFFF, 0xFFFF, 0xFFFF, 0xFFFF, 0xFFFF, 0xFFFF, 0xFFFF, 0xFFFF, 0xFFFF, 0xFFFF, 0xFFFF,
  0x630C, 0x0841, 0x4208, 0xFFDF, 0xFFFF, 0xFFFF, 0xC618, 0x5ACB, 0x18C3, 0x18A2, 0x1882, 0x2104, 0x736E, 0xD6BA, 0xFFFF, 0xFFFF,
  0xFFDF, 0xFFFF, 0xFFFF, 0xE71C, 0x83F0, 0x2945, 0x1082, 0x18A2, 0x18A2, 0x4A49, 0xB576, 0xFFFF, 0xDEBB, 0x18C3, 0x1082, 0xA4F3,
  0xFFFF, 0xFFFF, 0xFFFF, 0xFFFF, 0xFFFF, 0xFFFF, 0xFFFF, 0xFFFF, 0xFFFF, 0xFFFF, 0xFFFF, 0xFFFF, 0xFFFF, 0xFFFF, 0xFFFF, 0xFFFF,
  0xFFFF, 0xFFFF, 0xFFFF, 0xFFFF, 0xFFFF, 0xFFFF, 0xFFFF, 0xFFFF, 0xFFFF, 0xFFFF, 0xFFFF, 0xFFFF, 0xFFFF, 0xFFFF, 0xFFFF, 0xFFFF,
  0x6B2C, 0x0841, 0x41E7, 0xFFFF, 0xC659, 0x5AEB, 0x18C3, 0x18A2, 0x1082, 0x20E3, 0x6B4D, 0xD69A, 0xFFFF, 0xFFFF, 0xFFDF, 0xFFFF,
  0xFFFF, 0xE73C, 0x8430, 0x2945, 0x1082, 0x18A2, 0x18A2, 0x4A28, 0xAD75, 0xFFFF, 0xFFFF, 0xFFFF, 0xCE79, 0x20E3, 0x1082, 0x9CF3,
  0xFFFF, 0xFFFF, 0xFFFF, 0xFFFF, 0xFFFF, 0xFFFF, 0xFFFF, 0xFFFF, 0xFFFF, 0xFFFF, 0xFFFF, 0xFFFF, 0xFFFF, 0xFFFF, 0xFFFF, 0xFFFF,
  0xFFFF, 0xFFFF, 0xFFFF, 0xFFFF, 0xFFFF, 0xFFFF, 0xFFFF, 0xFFFF, 0xFFFF, 0xFFFF, 0xFFFF, 0xFFFF, 0xFFFF, 0xFFFF, 0xFFDF, 0xFFFF,
  0x630C, 0x1061, 0x3165, 0x62EB, 0x18E3, 0x1082, 0x1882, 0x20E3, 0x632C, 0xCE79, 0xFFFF, 0xFFFF, 0xFFDF, 0xFFFF, 0xFFFF, 0xEF5D,
  0x8C51, 0x2965, 0x1082, 0x18A2, 0x10A2, 0x4208, 0xAD55, 0xFFDF, 0xFFFF, 0xFFFF, 0xFFDF, 0xFFFF, 0xC5F8, 0x18C3, 0x1082, 0xAD55,
  0xFFFF, 0xFFFF, 0xFFFF, 0xFFFF, 0xFFFF, 0xFFFF, 0xFFFF, 0xFFFF, 0xFFFF, 0xFFFF, 0xFFFF, 0xFFFF, 0xFFFF, 0xFFFF, 0xFFFF, 0xFFFF,
  0xFFFF, 0xFFFF, 0xFFFF, 0xFFFF, 0xFFFF, 0xFFFF, 0xFFFF, 0xFFFF, 0xFFFF, 0xFFFF, 0xFFFF, 0xFFFF, 0xFFFF, 0xFFFF, 0xFFFF, 0xE73C,
  0x2945, 0x20E3, 0x2104, 0x18A2, 0x1882, 0x18C3, 0x630C, 0xCE59, 0xFFFF, 0xFFFF, 0xFFDF, 0xFFFF, 0xFFFF, 0xEF7D, 0x8C71, 0x3186,
  0x1082, 0x18A2, 0x18A2, 0x41E8, 0xA534, 0xFFDF, 0xFFFF, 0xFFFF, 0xFFFF, 0xFFFF, 0xFFFF, 0xFFFF, 0xA514, 0x1082, 0x18C3, 0xC638,
  0xFFFF, 0xFFFF, 0xFFFF, 0xFFFF, 0xFFFF, 0xFFFF, 0xFFFF, 0xFFFF, 0xFFFF, 0xFFFF, 0xFFFF, 0xFFFF, 0xFFFF, 0xFFFF, 0xFFFF, 0xFFFF,
  0xFFFF, 0xFFFF, 0xFFFF, 0xFFFF, 0xFFFF, 0xFFFF, 0xFFFF, 0xFFFF, 0xFFFF, 0xFFFF, 0xFFFF, 0xFFFF, 0xFFFF, 0xFFFF, 0xD69A, 0x4A49,
  0x18C3, 0x2104, 0x1082, 0x18C3, 0x5AEB, 0xCE38, 0xFFFF, 0xFFFF, 0xFFDF, 0xFFFF, 0xFFFF, 0xEF7D, 0x9492, 0x3186, 0x1082, 0x18A2,
  0x1082, 0x39E7, 0xA514, 0xF7BE, 0xFFFF, 0xFFFF, 0xFFFF, 0xFFFF, 0xFFFF, 0xFFFF, 0xFFFF, 0xFFFF, 0x738E, 0x1061, 0x2945, 0xE73C,
  0xFFFF, 0xFFFF, 0xFFFF, 0xFFFF, 0xFFFF, 0xFFFF, 0xFFFF, 0xFFFF, 0xFFFF, 0xFFFF, 0xFFFF, 0xFFFF, 0xFFFF, 0xFFFF, 0xFFFF, 0xFFFF,
  0xFFFF, 0xFFFF, 0xFFFF, 0xFFFF, 0xFFFF, 0xFFFF, 0xFFFF, 0xFFFF, 0xFFFF, 0xFFFF, 0xFFFF, 0xFFFF, 0xFFFF, 0x9CF3, 0x18C3, 0x18C3,
  0x18A2, 0x18A2, 0x5ACB, 0xC618, 0xFFFF, 0xFFFF, 0xFFDF, 0xFFFF, 0xFFFF, 0xF79E, 0x94B2, 0x31A6, 0x18A2, 0x18A2, 0x1082, 0x39C7,
  0x9CF3, 0xF7BE, 0xFFFF, 0xFFFF, 0xFFFF, 0xFFFF, 0xFFFF, 0xFFFF, 0xFFFF, 0xFFFF, 0xFFFF, 0xF7BE, 0x39A6, 0x1062, 0x528A, 0xFFFF,
  0xFFFF, 0xFFFF, 0xFFFF, 0xFFFF, 0xFFFF, 0xFFFF, 0xFFFF, 0xFFFF, 0xFFFF, 0xFFFF, 0xFFFF, 0xFFFF, 0xFFFF, 0xFFFF, 0xFFFF, 0xFFFF,
  0xFFFF, 0xFFFF, 0xFFFF, 0xFFFF, 0xFFFF, 0xFFFF, 0xFFFF, 0xFFFF, 0xFFFF, 0xFFFF, 0xFFFF, 0xFFFF, 0xFFFF, 0x7BAF, 0x0020, 0x18C3,
  0x52AA, 0xC618, 0xFFFF, 0xFFFF, 0xFFDF, 0xFFFF, 0xFFFF, 0xF7BE, 0x9CD3, 0x39C7, 0x1082, 0x10A2, 0x1082, 0x31A6, 0x9CD3, 0xF79E,
  0xFFFF, 0xFFFF, 0xFFFF, 0xFFFF, 0xFFFF, 0xFFFF, 0xFFFF, 0xFFFF, 0xFFFF, 0xFFFF, 0xFFFF, 0xAD55, 0x10A2, 0x1082, 0x94B2, 0xFFFF,
  0xFFFF, 0xFFFF, 0xFFFF, 0xFFFF, 0xFFFF, 0xFFFF, 0xFFFF, 0xFFFF, 0xFFFF, 0xFFFF, 0xFFFF, 0xFFFF, 0xFFFF, 0xFFFF, 0xFFFF, 0xFFFF,
  0xFFFF, 0xFFFF, 0xFFFF, 0xFFFF, 0xFFFF, 0xFFFF, 0xFFFF, 0xFFFF, 0xFFFF, 0xFFFF, 0xFFFF, 0xFFFF, 0xFFFF, 0x7BCF, 0x4208, 0xBDF7,
  0xFFFF, 0xFFFF, 0xFFDF, 0xFFFF, 0xFFFF, 0xF7BE, 0xA514, 0x39C7, 0x1082, 0x18A2, 0x1082, 0x31A6, 0x94B2, 0xF79E, 0xFFFF, 0xFFFF,
  0xFFFF, 0xFFFF, 0xFFFF, 0xFFFF, 0xFFFF, 0xFFFF, 0xFFFF, 0xFFFF, 0xFFFF, 0xFFFF, 0xFFDF, 0x4208, 0x18A2, 0x2945, 0xE73C, 0xFFFF,
  0xFFFF, 0xFFFF, 0xFFFF, 0xFFFF, 0xFFFF, 0xFFFF, 0xFFFF, 0xFFFF, 0xFFFF, 0xFFFF, 0xFFFF, 0xFFFF, 0xFFFF, 0xFFFF, 0xFFFF, 0xFFFF,
  0xFFFF, 0xFFFF, 0xFFFF, 0xFFFF, 0xFFFF, 0xFFFF, 0xFFFF, 0xFFFF, 0xFFFF, 0xFFFF, 0xFFFF, 0xFFFF, 0xFFFF, 0xE71C, 0xFFDF, 0xFFFF,
  0xFFDF, 0xFFFF, 0xFFFF, 0xFFDF, 0xA534, 0x41E8, 0x18A2, 0x18A2, 0x1082, 0x3186, 0x9472, 0xEF7D, 0xFFFF, 0xFFFF, 0xFFFF, 0xFFFF,
  0xFFFF, 0xFFFF, 0xFFFF, 0xFFFF, 0xFFFF, 0xFFFF, 0xFFFF, 0xFFFF, 0xFFDF, 0xFFFF, 0x8C51, 0x18A2, 0x1082, 0x8410, 0xFFFF, 0xFFFF,
  0xFFFF, 0xFFFF, 0xFFFF, 0xFFFF, 0xFFFF, 0xFFFF, 0xFFFF, 0xFFFF, 0xFFFF, 0xFFFF, 0xFFFF, 0xFFFF, 0xFFFF, 0xFFFF, 0xFFFF, 0xFFFF,
  0xFFFF, 0xFFFF, 0xFFFF, 0xFFFF, 0xFFFF, 0xFFFF, 0xFFFF, 0xFFFF, 0xFFFF, 0xFFFF, 0xFFFF, 0xFFFF, 0xFFFF, 0xFFFF, 0xFFFF, 0xFFDF,
  0xFFFF, 0xFFDF, 0xAD55, 0x4208, 0x10A2, 0x10A2, 0x1082, 0x3165, 0x8C71, 0xEF5D, 0xFFFF, 0xFFFF, 0xFFDF, 0xFFFF, 0xFFFF, 0xFFFF,
  0xFFFF, 0xFFFF, 0xFFFF, 0xFFFF, 0xFFFF, 0xFFFF, 0xFFFF, 0xFFDF, 0xFFFF, 0xBDB6, 0x18C3, 0x18C3, 0x39A6, 0xEF7D, 0xFFFF, 0xFFFF,
  0xFFFF, 0xFFFF, 0xFFFF, 0xFFFF, 0xFFFF, 0xFFFF, 0xFFFF, 0xFFFF, 0xFFFF, 0xFFFF, 0xFFFF, 0xFFFF, 0xFFFF, 0xFFFF, 0xFFFF, 0xFFFF,
  0x0000, 0xFFFF, 0xFFFF, 0xFFFF, 0xFFFF, 0xFFFF, 0xFFFF, 0xFFFF, 0xFFFF, 0xFFFF, 0xFFFF, 0xFFFF, 0xFFFF, 0xFFFF, 0xFFFF, 0xFFFF,
  0xAD75, 0x4A28, 0x18A2, 0x10A2, 0x1082, 0x2965, 0x8C31, 0xEF5D, 0xFFFF, 0xFFFF, 0xFFDF, 0xFFFF, 0xFFFF, 0xFFFF, 0xFFFF, 0xFFFF,
  0xFFFF, 0xFFFF, 0xFFFF, 0xFFFF, 0xFFFF, 0xFFFF, 0xFFFF, 0xFFFF, 0xBDD7, 0x2104, 0x20E3, 0x18A3, 0xC5F7, 0xFFFF, 0xFFFF, 0xFFFF,
  0xFFFF, 0xFFFF, 0xFFFF, 0xFFFF, 0xFFFF, 0xFFFF, 0xFFFF, 0xFFFF, 0xFFFF, 0xFFFF, 0xFFFF, 0xFFFF, 0xFFFF, 0xFFFF, 0xFFFF, 0x0000,
  0x0000, 0xFFFF, 0xFFFF, 0xFFFF, 0xFFFF, 0xFFFF, 0xFFFF, 0xFFFF, 0xFFFF, 0xFFFF, 0xFFFF, 0xFFFF, 0xFFFF, 0xFFDF, 0xB596, 0x4A49,
  0x18A2, 0x18A2, 0x1082, 0x2945, 0x8410, 0xE73C, 0xFFFF, 0xFFFF, 0xFFFF, 0xFFFF, 0xFFFF, 0xFFFF, 0xFFFF, 0xFFFF, 0xFFFF, 0xFFFF,
  0xFFFF, 0xFFFF, 0xFFFF, 0xFFFF, 0xFFFF, 0xFFFF, 0xFFFF, 0x9CD3, 0x20E3, 0x20E3, 0x1082, 0x9CD3, 0xFFFF, 0xFFFF, 0xFFFF, 0xFFFF,
  0xFFFF, 0xFFFF, 0xFFFF, 0xFFFF, 0xFFFF, 0xFFFF, 0xFFFF, 0xFFFF, 0xFFFF, 0xFFFF, 0xFFFF, 0xFFFF, 0xFFFF, 0xFFFF, 0xFFFF, 0x0000,
  0xFFFF, 0xFFFF, 0xFFFF, 0xFFFF, 0xFFFF, 0xFFFF, 0xFFFF, 0xFFFF, 0xFFFF, 0xFFFF, 0xFFFF, 0xFFFF, 0xFFFF, 0x8C71, 0x1061, 0x18A2,
  0x1082, 0x2925, 0x83EF, 0xE71C, 0xFFFF, 0xFFFF, 0xFFDF, 0xFFFF, 0xEF5D, 0x9CD3, 0xDEDB, 0xFFFF, 0xFFFF, 0xFFFF, 0xFFFF, 0xFFFF,
  0xFFFF, 0xFFFF, 0xFFFF, 0xFFFF, 0xFFFF, 0xC618, 0x528A, 0x18A2, 0x18C3, 0x18A2, 0x94B2, 0xFFFF, 0xFFDF, 0xFFFF, 0xFFFF, 0xFFFF,
  0xFFFF, 0xFFFF, 0xFFFF, 0xFFFF, 0xFFFF, 0xFFFF, 0xFFFF, 0xFFFF, 0xFFFF, 0xFFFF, 0xFFFF, 0xFFFF, 0xFFFF, 0xFFFF, 0xFFFF, 0xFFFF,
  0xFFFF, 0x0000, 0xFFFF, 0xFFFF, 0xFFFF, 0xFFFF, 0xFFFF, 0xFFFF, 0xFFFF, 0xFFFF, 0xFFFF, 0xFFFF, 0xFFFF, 0x7BCF, 0x0000, 0x2945,
  0x7BCF, 0xE6FB, 0xFFFF, 0xFFFF, 0xFFFF, 0xFFFF, 0xFFDF, 0x8C51, 0x2104, 0x1082, 0x2924, 0x632C, 0xAD34, 0xD6BA, 0xEF7D, 0xF7BE,
  0xF7BE, 0xE73C, 0xCE59, 0x94B2, 0x528A, 0x18C3, 0x18A2, 0x1882, 0x2945, 0xB596, 0xFFFF, 0xFFDF, 0xFFFF, 0xFFFF, 0xFFFF, 0xFFFF,
  0xFFFF, 0xFFFF, 0xFFFF, 0xFFFF, 0xFFFF, 0xFFFF, 0xFFFF, 0xFFFF, 0xFFFF, 0xFFFF, 0xFFFF, 0xFFFF, 0xFFFF, 0xFFFF, 0x0000, 0xFFFF,
  0xFFFF, 0xFFFF, 0xFFFF, 0xFFFF, 0xFFFF, 0xFFFF, 0xFFFF, 0xFFFF, 0xFFFF, 0xFFFF, 0xFFFF, 0xFFFF, 0xFFFF, 0x8430, 0x632C, 0xDEFB,
  0xFFFF, 0xFFFF, 0xFFFF, 0xFFFF, 0xFFFF, 0xFFFF, 0xFFFF, 0xB596, 0x4208, 0x18A2, 0x1082, 0x1082, 0x18A2, 0x2104, 0x3186, 0x39C7,
  0x39C7, 0x3165, 0x20E3, 0x1082, 0x1082, 0x1082, 0x18E3, 0x6B4D, 0xE71C, 0xFFFF, 0xFFFF, 0xFFFF, 0xFFFF, 0xFFFF, 0xFFFF, 0xFFFF,
  0xFFFF, 0xFFFF, 0xFFFF, 0xFFFF, 0xFFFF, 0xFFFF, 0xFFFF, 0xFFFF, 0xFFFF, 0xFFFF, 0xFFFF, 0xFFFF, 0xFFFF, 0xFFFF, 0xFFFF, 0xFFFF,
  0x0000, 0xFFFF, 0x0000, 0xFFFF, 0xFFFF, 0xFFFF, 0xFFFF, 0xFFFF, 0xFFFF, 0xFFFF, 0xFFFF, 0xFFFF, 0xFFFF, 0xF79E, 0xFFFF, 0xFFFF,
  0xFFFF, 0xFFFF, 0xFFFF, 0xFFFF, 0xFFFF, 0xFFFF, 0xFFFF, 0xFFFF, 0xFFFF, 0xB596, 0x5AEB, 0x2945, 0x18A2, 0x1062, 0x0861, 0x0841,
  0x0841, 0x1061, 0x1082, 0x18C3, 0x31A6, 0x738E, 0xCE79, 0xFFFF, 0xFFFF, 0xFFFF, 0xFFFF, 0xFFFF, 0xFFFF, 0xFFFF, 0xFFFF, 0xFFFF,
  0xFFFF, 0xFFFF, 0xFFFF, 0xFFFF, 0xFFFF, 0xFFFF, 0xFFFF, 0xFFFF, 0xFFFF, 0xFFFF, 0xFFFF, 0xFFFF, 0xFFFF, 0x0000, 0xFFFF, 0x0000,
  0x0000, 0xFFFF, 0xFFFF, 0xFFFF, 0xFFFF, 0xFFFF, 0xFFFF, 0xFFFF, 0xFFFF, 0xFFFF, 0xFFFF, 0xFFFF, 0xFFFF, 0xFFFF, 0xFFFF, 0xFFFF,
  0xFFFF, 0xFFFF, 0xFFFF, 0xFFFF, 0xFFFF, 0xFFFF, 0xFFFF, 0xFFFF, 0xFFFF, 0xFFFF, 0xFFFF, 0xE71C, 0xB596, 0x8C51, 0x73AE, 0x6B4D,
  0x6B6D, 0x7BCF, 0x94B2, 0xC618, 0xF79E, 0xFFFF, 0xFFFF, 0xFFFF, 0xFFFF, 0xFFFF, 0xFFFF, 0xFFFF, 0xFFFF, 0xFFFF, 0xFFFF, 0xFFFF,
  0xFFFF, 0xFFFF, 0xFFFF, 0xFFFF, 0xFFFF, 0xFFFF, 0xFFFF, 0xFFFF, 0xFFFF, 0xFFFF, 0xFFFF, 0xFFFF, 0xFFFF, 0xFFFF, 0xFFFF, 0x0000,
  0x0000, 0x0000, 0xFFFF, 0x0000, 0xFFFF, 0xFFFF, 0xFFFF, 0xFFFF, 0xFFFF, 0xFFFF, 0xFFFF, 0xFFFF, 0xFFFF, 0xFFFF, 0xFFFF, 0xFFFF,
  0xFFFF, 0xFFFF, 0xFFFF, 0xFFFF, 0xFFFF, 0xFFFF, 0xFFFF, 0xFFFF, 0xFFFF, 0xFFFF, 0xFFFF, 0xFFFF, 0xFFFF, 0xFFFF, 0xFFFF, 0xFFFF,
  0xFFFF, 0xFFFF, 0xFFFF, 0xFFFF, 0xFFFF, 0xFFFF, 0xFFFF, 0xFFFF, 0xFFFF, 0xFFFF, 0xFFFF, 0xFFFF, 0xFFFF, 0xFFFF, 0xFFFF, 0xFFFF,
  0xFFFF, 0xFFFF, 0xFFFF, 0xFFFF, 0xFFFF, 0xFFFF, 0xFFFF, 0xFFFF, 0xFFFF, 0xFFFF, 0xFFFF, 0xFFFF, 0x0000, 0xFFFF, 0x0000, 0x0000,
  0x0000, 0x0000, 0x0000, 0xFFFF, 0xFFFF, 0xFFFF, 0xFFFF, 0xFFFF, 0xFFFF, 0xFFFF, 0xFFFF, 0xFFFF, 0xFFFF, 0xFFFF, 0xFFFF, 0xFFFF,
  0xFFFF, 0xFFFF, 0xFFFF, 0xFFFF, 0xFFFF, 0xFFFF, 0xFFFF, 0xFFFF, 0xFFFF, 0xFFFF, 0xFFFF, 0xFFFF, 0xFFFF, 0xFFFF, 0xFFFF, 0xFFFF,
  0xFFFF, 0xFFFF, 0xFFFF, 0xFFFF, 0xFFFF, 0xFFFF, 0xFFFF, 0xFFFF, 0xFFFF, 0xFFFF, 0xFFFF, 0xFFFF, 0xFFFF, 0xFFFF, 0xFFFF, 0xFFFF,
  0xFFFF, 0xFFFF, 0xFFFF, 0xFFFF, 0xFFFF, 0xFFFF, 0xFFFF, 0xFFFF, 0xFFFF, 0xFFFF, 0xFFFF, 0xFFFF, 0xFFFF, 0x0000, 0x0000, 0x0000,
  0x0000, 0x0000, 0x0000, 0xFFFF, 0x0000, 0xFFFF, 0xFFFF, 0xFFFF, 0xFFFF, 0xFFFF, 0xFFFF, 0xFFFF, 0xFFFF, 0xFFFF, 0xFFFF, 0xFFFF,
  0xFFFF, 0xFFFF, 0xFFFF, 0xFFFF, 0xFFFF, 0xFFFF, 0xFFFF, 0xFFFF, 0xFFFF, 0xFFFF, 0xFFFF, 0xFFFF, 0xFFFF, 0xFFFF, 0xFFFF, 0xFFFF,
  0xFFFF, 0xFFFF, 0xFFFF, 0xFFFF, 0xFFFF, 0xFFFF, 0xFFFF, 0xFFFF, 0xFFFF, 0xFFFF, 0xFFFF, 0xFFFF, 0xFFFF, 0xFFFF, 0xFFFF, 0xFFFF,
  0xFFFF, 0xFFFF, 0xFFFF, 0xFFFF, 0xFFFF, 0xFFFF, 0xFFFF, 0xFFFF, 0xFFFF, 0xFFFF, 0xFFFF, 0x0000, 0xFFFF, 0x0000, 0x0000, 0x0000,
  0x0000, 0x0000, 0x0000, 0x0000, 0xFFFF, 0x0000, 0xFFFF, 0xFFFF, 0xFFFF, 0xFFFF, 0xFFFF, 0xFFFF, 0xFFFF, 0xFFFF, 0xFFFF, 0xFFFF,
  0xFFFF, 0xFFFF, 0xFFFF, 0xFFFF, 0xFFFF, 0xFFFF, 0xFFFF, 0xFFFF, 0xFFFF, 0xFFFF, 0xFFFF, 0xFFFF, 0xFFFF, 0xFFFF, 0xFFFF, 0xFFFF,
  0xFFFF, 0xFFFF, 0xFFFF, 0xFFFF, 0xFFFF, 0xFFFF, 0xFFFF, 0xFFFF, 0xFFFF, 0xFFFF, 0xFFFF, 0xFFFF, 0xFFFF, 0xFFFF, 0xFFFF, 0xFFFF,
  0xFFFF, 0xFFFF, 0xFFFF, 0xFFFF, 0xFFFF, 0xFFFF, 0xFFFF, 0xFFFF, 0xFFFF, 0xFFFF, 0x0000, 0xFFFF, 0x0000, 0x0000, 0x0000, 0x0000,
  0x0000, 0x0000, 0x0000, 0x0000, 0x0000, 0xFFFF, 0x0000, 0xFFFF, 0xFFFF, 0xFFFF, 0xFFFF, 0xFFFF, 0xFFFF, 0xFFFF, 0xFFFF, 0xFFFF,
  0xFFFF, 0xFFFF, 0xFFFF, 0xFFFF, 0xFFFF, 0xFFFF, 0xFFFF, 0xFFFF, 0xFFFF, 0xFFFF, 0xFFFF, 0xFFFF, 0xFFFF, 0xFFFF, 0xFFFF, 0xFFFF,
  0xFFFF, 0xFFFF, 0xFFFF, 0xFFFF, 0xFFFF, 0xFFFF, 0xFFFF, 0xFFFF, 0xFFFF, 0xFFFF, 0xFFFF, 0xFFFF, 0xFFFF, 0xFFFF, 0xFFFF, 0xFFFF,
  0xFFFF, 0xFFFF, 0xFFFF, 0xFFFF, 0xFFFF, 0xFFFF, 0xFFFF, 0xFFFF, 0xFFFF, 0x0000, 0xFFFF, 0x0000, 0x0000, 0x0000, 0x0000, 0x0000,
  0x0000, 0x0000, 0x0000, 0x0000, 0x0000, 0xFFFF, 0xFFFF, 0x0000, 0xFFFF, 0xFFFF, 0xFFFF, 0xFFFF, 0xFFFF, 0xFFFF, 0xFFFF, 0xFFFF,
  0xFFFF, 0xFFFF, 0xFFFF, 0xFFFF, 0xFFFF, 0xFFFF, 0xFFFF, 0xFFFF, 0xFFFF, 0xFFFF, 0xFFFF, 0xFFFF, 0xFFFF, 0xFFFF, 0xFFFF, 0xFFFF,
  0xFFFF, 0xFFFF, 0xFFFF, 0xFFFF, 0xFFFF, 0xFFFF, 0xFFFF, 0xFFFF, 0xFFFF, 0xFFFF, 0xFFFF, 0xFFFF, 0xFFFF, 0xFFFF, 0xFFFF, 0xFFFF,
  0xFFFF, 0xFFFF, 0xFFFF, 0xFFFF, 0xFFFF, 0xFFFF, 0xFFFF, 0xFFFF, 0x0000, 0xFFFF, 0xFFFF, 0x0000, 0x0000, 0x0000, 0x0000, 0x0000,
  0x0000, 0x0000, 0x0000, 0x0000, 0x0000, 0x0000, 0xFFFF, 0xFFFF, 0x0000, 0xFFFF, 0xFFFF, 0xFFFF, 0xFFFF, 0xFFFF, 0xFFFF, 0xFFFF,
  0xFFFF, 0xFFFF, 0xFFFF, 0xFFFF, 0xFFFF, 0xFFFF, 0xFFFF, 0xFFFF, 0xFFFF, 0xFFFF, 0xFFFF, 0xFFFF, 0xFFFF, 0xFFFF, 0xFFFF, 0xFFFF,
  0xFFFF, 0xFFFF, 0xFFFF, 0xFFFF, 0xFFFF, 0xFFFF, 0xFFFF, 0xFFFF, 0xFFFF, 0xFFFF, 0xFFFF, 0xFFFF, 0xFFFF, 0xFFFF, 0xFFFF, 0xFFFF,
  0xFFFF, 0xFFFF, 0xFFFF, 0xFFFF, 0xFFFF, 0xFFFF, 0xFFFF, 0x0000, 0xFFFF, 0xFFFF, 0x0000, 0x0000, 0x0000, 0x0000, 0x0000, 0x0000,
  0x0000, 0x0000, 0x0000, 0x0000, 0x0000, 0x0000, 0x0000, 0xFFFF, 0xFFFF, 0x0000, 0xFFFF, 0xFFFF, 0xFFFF, 0xFFFF, 0xFFFF, 0xFFFF,
  0xFFFF, 0xFFFF, 0xFFFF, 0xFFFF, 0xFFFF, 0xFFFF, 0xFFFF, 0xFFFF, 0xFFFF, 0xFFFF, 0xFFFF, 0xFFFF, 0xFFFF, 0xFFFF, 0xFFFF, 0xFFFF,
  0xFFFF, 0xFFFF, 0xFFFF, 0xFFFF, 0xFFFF, 0xFFFF, 0xFFFF, 0xFFFF, 0xFFFF, 0xFFFF, 0xFFFF, 0xFFFF, 0xFFFF, 0xFFFF, 0xFFFF, 0xFFFF,
  0xFFFF, 0xFFFF, 0xFFFF, 0xFFFF, 0xFFFF, 0xFFFF, 0x0000, 0xFFFF, 0xFFFF, 0x0000, 0x0000, 0x0000, 0x0000, 0x0000, 0x0000, 0x0000,
  0x0000, 0x0000, 0x0000, 0x0000, 0x0000, 0x0000, 0x0000, 0x0000, 0xFFFF, 0xFFFF, 0x0000, 0xFFFF, 0xFFFF, 0xFFFF, 0xFFFF, 0xFFFF,
  0xFFFF, 0xFFFF, 0xFFFF, 0xFFFF, 0xFFFF, 0xFFFF, 0xFFFF, 0xFFFF, 0xFFFF, 0xFFFF, 0xFFFF, 0xFFFF, 0xFFFF, 0xFFFF, 0xFFFF, 0xFFFF,
  0xFFFF, 0xFFFF, 0xFFFF, 0xFFFF, 0xFFFF, 0xFFFF, 0xFFFF, 0xFFFF, 0xFFFF, 0xFFFF, 0xFFFF, 0xFFFF, 0xFFFF, 0xFFFF, 0xFFFF, 0xFFFF,
  0xFFFF, 0xFFFF, 0xFFFF, 0xFFFF, 0xFFFF, 0x0000, 0xFFFF, 0xFFFF, 0x0000, 0x0000, 0x0000, 0x0000, 0x0000, 0x0000, 0x0000, 0x0000,
  0x0000, 0x0000, 0x0000, 0x0000, 0x0000, 0x0000, 0x0000, 0x0000, 0x0000, 0xFFFF, 0xFFFF, 0x0000, 0xFFFF, 0xFFFF, 0xFFFF, 0xFFFF,
  0xFFFF, 0xFFFF, 0xFFFF, 0xFFFF, 0xFFFF, 0xFFFF, 0xFFFF, 0xFFFF, 0xFFFF, 0xFFFF, 0xFFFF, 0xFFFF, 0xFFFF, 0xFFFF, 0xFFFF, 0xFFFF,
  0xFFFF, 0xFFFF, 0xFFFF, 0xFFFF, 0xFFFF, 0xFFFF, 0xFFFF, 0xFFFF, 0xFFFF, 0xFFFF, 0xFFFF, 0xFFFF, 0xFFFF, 0xFFFF, 0xFFFF, 0xFFFF,
  0xFFFF, 0xFFFF, 0xFFFF, 0xFFFF, 0x0000, 0xFFFF, 0xFFFF, 0x0000, 0x0000, 0x0000, 0x0000, 0x0000, 0x0000, 0x0000, 0x0000, 0x0000,
  0x0000, 0x0000, 0x0000, 0x0000, 0x0000, 0x0000, 0x0000, 0x0000, 0x0000, 0x0000, 0x0000, 0xFFFF, 0x0000, 0xFFFF, 0xFFFF, 0xFFFF,
  0xFFFF, 0xFFFF, 0xFFFF, 0xFFFF, 0xFFFF, 0xFFFF, 0xFFFF, 0xFFFF, 0xFFFF, 0xFFFF, 0xFFFF, 0xFFFF, 0xFFFF, 0xFFFF, 0xFFFF, 0xFFFF,
  0xFFFF, 0xFFFF, 0xFFFF, 0xFFFF, 0xFFFF, 0xFFFF, 0xFFFF, 0xFFFF, 0xFFFF, 0xFFFF, 0xFFFF, 0xFFFF, 0xFFFF, 0xFFFF, 0xFFFF, 0xFFFF,
  0xFFFF, 0xFFFF, 0xFFFF, 0x0000, 0xFFFF, 0x0000, 0x0000, 0x0000, 0x0000, 0x0000, 0x0000, 0x0000, 0x0000, 0x0000, 0x0000, 0x0000,
  0x0000, 0x0000, 0x0000, 0x0000, 0x0000, 0x0000, 0x0000, 0x0000, 0x0000, 0x0000, 0x0000, 0x0000, 0xFFFF, 0x0000, 0x0000, 0xFFFF,
  0xFFFF, 0xFFFF, 0xFFFF, 0xFFFF, 0xFFFF, 0xFFFF, 0xFFFF, 0xFFFF, 0xFFFF, 0xFFFF, 0xFFFF, 0xFFFF, 0xFFFF, 0xFFFF, 0xFFFF, 0xFFFF,
  0xFFFF, 0xFFFF, 0xFFFF, 0xFFFF, 0xFFFF, 0xFFFF, 0xFFFF, 0xFFFF, 0xFFFF, 0xFFFF, 0xFFFF, 0xFFFF, 0xFFFF, 0xFFFF, 0xFFFF, 0xFFFF,
  0xFFFF, 0x0000, 0x0000, 0xFFFF, 0x0000, 0x0000, 0x0000, 0x0000, 0x0000, 0x0000, 0x0000, 0x0000, 0x0000, 0x0000, 0x0000, 0x0000,
  0x0000, 0x0000, 0x0000, 0x0000, 0x0000, 0x0000, 0x0000, 0x0000, 0x0000, 0x0000, 0x0000, 0x0000, 0x0000, 0xFFFF, 0xFFFF, 0x0000,
  0xFFFF, 0xFFFF, 0xFFFF, 0xFFFF, 0xFFFF, 0xFFFF, 0xFFFF, 0xFFFF, 0xFFFF, 0xFFFF, 0xFFFF, 0xFFFF, 0xFFFF, 0xFFFF, 0xFFFF, 0xFFFF,
  0xFFFF, 0xFFFF, 0xFFFF, 0xFFFF, 0xFFFF, 0xFFFF, 0xFFFF, 0xFFFF, 0xFFFF, 0xFFFF, 0xFFFF, 0xFFFF, 0xFFFF, 0xFFFF, 0xFFFF, 0xFFFF,
  0x0000, 0xFFFF, 0xFFFF, 0x0000, 0x0000, 0x0000, 0x0000, 0x0000, 0x0000, 0x0000, 0x0000, 0x0000, 0x0000, 0x0000, 0x0000, 0x0000,
  0x0000, 0x0000, 0x0000, 0x0000, 0x0000, 0x0000, 0x0000, 0x0000, 0x0000, 0x0000, 0x0000, 0x0000, 0x0000, 0x0000, 0x0000, 0xFFFF,
  0x0000, 0x0000, 0xFFFF, 0xFFFF, 0xFFFF, 0xFFFF, 0xFFFF, 0xFFFF, 0xFFFF, 0xFFFF, 0xFFFF, 0xFFFF, 0xFFFF, 0xFFFF, 0xFFFF, 0xFFFF,
  0xFFFF, 0xFFFF, 0xFFFF, 0xFFFF, 0xFFFF, 0xFFFF, 0xFFFF, 0xFFFF, 0xFFFF, 0xFFFF, 0xFFFF, 0xFFFF, 0xFFFF, 0xFFFF, 0x0000, 0x0000,
  0xFFFF, 0x0000, 0x0000, 0x0000, 0x0000, 0x0000, 0x0000, 0x0000, 0x0000, 0x0000, 0x0000, 0x0000, 0x0000, 0x0000, 0x0000, 0x0000,
  0x0000, 0x0000, 0x0000, 0x0000, 0x0000, 0x0000, 0x0000, 0x0000, 0x0000, 0x0000, 0x0000, 0x0000, 0x0000, 0x0000, 0x0000, 0x0000,
  0xFFFF, 0xFFFF, 0x0000, 0x0000, 0xFFFF, 0xFFFF, 0xFFFF, 0xFFFF, 0xFFFF, 0xFFFF, 0xFFFF, 0xFFFF, 0xFFFF, 0xFFFF, 0xFFFF, 0xFFFF,
  0xFFFF, 0xFFFF, 0xFFFF, 0xFFFF, 0xFFFF, 0xFFFF, 0xFFFF, 0xFFFF, 0xFFFF, 0xFFFF, 0xFFFF, 0xFFFF, 0x0000, 0x0000, 0xFFFF, 0xFFFF,
  0x0000, 0x0000, 0x0000, 0x0000, 0x0000, 0x0000, 0x0000, 0x0000, 0x0000, 0x0000, 0x0000, 0x0000, 0x0000, 0x0000, 0x0000, 0x0000,
  0x0000, 0x0000, 0x0000, 0x0000, 0x0000, 0x0000, 0x0000, 0x0000, 0x0000, 0x0000, 0x0000, 0x0000, 0x0000, 0x0000, 0x0000, 0x0000,
  0x0000, 0x0000, 0xFFFF, 0xFFFF, 0x0000, 0x0000, 0x0000, 0xFFFF, 0xFFFF, 0xFFFF, 0xFFFF, 0xFFFF, 0xFFFF, 0xFFFF, 0xFFFF, 0xFFFF,
  0xFFFF, 0xFFFF, 0xFFFF, 0xFFFF, 0xFFFF, 0xFFFF, 0xFFFF, 0xFFFF, 0xFFFF, 0x0000, 0x0000, 0x0000, 0xFFFF, 0xFFFF, 0x0000, 0x0000,
  0x0000, 0x0000, 0x0000, 0x0000, 0x0000, 0x0000, 0x0000, 0x0000, 0x0000, 0x0000, 0x0000, 0x0000, 0x0000, 0x0000, 0x0000, 0x0000,
};
static const uint8_t LOGO_XLM_LARGE_ALPHA[] PROGMEM = {
  0, 0, 0, 0, 0, 0, 0, 0, 0, 0, 0, 0, 0, 0, 0, 0, 0, 0, 1, 4, 0, 0, 0, 4,
  44, 87, 136, 186, 203, 241, 255, 254, 254, 255, 241, 203, 186, 136, 87, 44, 4, 0, 0, 0, 4, 1, 0, 0,
  0, 0, 0, 0, 0, 0, 0, 0, 0, 0, 0, 0, 0, 0, 0, 0, 0, 0, 0, 0, 0, 0, 0, 0,
  0, 0, 0, 0, 0, 0, 0, 0, 1, 3, 0, 0, 3, 57, 137, 210, 248, 255, 255, 255, 255, 255, 255, 255,
  255, 255, 255, 255, 255, 255, 255, 248, 210, 137, 57, 3, 0, 0, 3, 1, 0, 0, 0, 0, 0, 0, 0, 0,
  0, 0, 0, 0, 0, 0, 0, 0, 0, 0, 0, 0, 0, 0, 0, 0, 0, 0, 0, 0, 0, 0, 0, 4,
  0, 0, 23, 117, 210, 255, 255, 255, 255, 253, 252, 253, 253, 254, 255, 255, 255, 255, 254, 253, 253, 252, 253, 255,
  255, 255, 255, 210, 117, 23, 0, 0, 4, 0, 0, 0, 0, 0, 0, 0, 0, 0, 0, 0, 0, 0, 0, 0,
  0, 0, 0, 0, 0, 0, 0, 0, 0, 0, 0, 0, 0, 2, 1, 0, 22, 128, 232, 255, 255, 254, 251, 253,
  254, 255, 255, 255, 255, 255, 255, 255, 255, 255, 255, 255, 255, 255, 255, 254, 253, 251, 254, 255, 255, 232, 128, 22,
  0, 1, 2, 0, 0, 0, 0, 0, 0, 0, 0, 0, 0, 0, 0, 0, 0, 0, 0, 0, 0, 0, 0, 0,
  0, 0, 0, 0, 4, 0, 0, 98, 229, 255, 255, 251, 253, 255, 255, 255, 255, 255, 255, 255, 255, 255, 255, 255,
  255, 255, 255, 255, 255, 255, 255, 255, 255, 255, 255, 253, 251, 255, 255, 229, 98, 0, 0, 4, 0, 0, 0, 0,
  0, 0, 0, 0, 0, 0, 0, 0, 0, 0, 0, 0, 0, 0, 0, 0, 0, 0, 0, 4, 0, 38, 184, 255,
  255, 251, 254, 255, 255, 255, 255, 255, 255, 255, 255, 255, 255, 255, 255, 255, 255, 255, 255, 255, 255, 255, 255, 255,
  255, 255, 255, 255, 255, 254, 251, 255, 255, 184, 38, 0, 4, 0, 0, 0, 0, 0, 0, 0, 0, 0, 0, 0,
  0, 0, 0, 0, 0, 0, 0, 0, 0, 1, 2, 0, 86, 236, 255, 251, 254, 255, 255, 255, 255, 255, 255, 255,
  255, 255, 255, 255, 255, 255, 255, 255, 255, 255, 255, 255, 255, 255, 255, 255, 255, 255, 255, 255, 255, 255, 255, 254,
  251, 255, 236, 86, 0, 2, 1, 0, 0, 0, 0, 0, 0, 0, 0, 0, 0, 0, 0, 0, 0, 0, 0, 0,
  1, 2, 0, 143, 255, 255, 252, 255, 255, 255, 255, 255, 255, 255, 255, 255, 255, 255, 255, 255, 255, 255, 255, 255,
  255, 255, 255, 255, 255, 255, 255, 255, 255, 255, 255, 255, 255, 255, 255, 255, 255, 252, 255, 255, 143, 0, 2, 1,
  0, 0, 0, 0, 0, 0, 0, 0, 0, 0, 0, 0, 0, 0, 0, 1, 3, 0, 154, 255, 252, 254, 255, 255,
  255, 255, 255, 255, 255, 255, 255, 255, 255, 255, 255, 255, 255, 255, 255, 255, 255, 255, 255, 255, 255, 255, 255, 255,
  255, 255, 255, 255, 255, 255, 255, 255, 255, 255, 254, 252, 255, 154, 0, 3, 1, 0, 0, 0, 0, 0, 0, 0,
  0, 0, 0, 0, 0, 0, 1, 2, 0, 154, 255, 250, 255, 255, 255, 255, 255, 255, 255, 255, 255, 255, 255, 255,
  255, 255, 255, 255, 255, 255, 255, 255, 255, 255, 255, 255, 255, 255, 255, 255, 255, 255, 255, 255, 255, 255, 255, 255,
  255, 255, 255, 255, 250, 255, 154, 0, 2, 1, 0, 0, 0, 0, 0, 0, 0, 0, 0, 0, 0, 1, 4, 0,
  154, 255, 251, 255, 255, 255, 255, 255, 255, 255, 255, 255, 255, 255, 255, 255, 255, 255, 255, 255, 255, 255, 255, 255,
  255, 255, 255, 255, 255, 255, 255, 255, 255, 255, 255, 255, 255, 255, 255, 255, 255, 255, 255, 255, 255, 251, 255, 154,
  0, 4, 1, 0, 0, 0, 0, 0, 0, 0, 0, 0, 0, 4, 0, 143, 255, 250, 255, 255, 255, 255, 255, 255,
  255, 255, 255, 255, 255, 255, 255, 255, 255, 255, 255, 255, 255, 255, 255, 255, 255, 255, 255, 255, 255, 255, 255, 255,
  255, 255, 255, 255, 255, 255, 255, 255, 255, 255, 255, 255, 255, 255, 250, 255, 143, 0, 4, 0, 0, 0, 0, 0,
  0, 0, 0, 0, 3, 0, 84, 255, 250, 254, 255, 255, 255, 255, 255, 255, 255, 255, 255, 255, 255, 255, 255, 255,
  255, 255, 255, 255, 255, 255, 255, 255, 255, 255, 255, 255, 255, 255, 255, 255, 255, 255, 255, 255, 255, 255, 255, 255,
  255, 255, 255, 255, 255, 255, 254, 250, 255, 84, 0, 3, 0, 0, 0, 0, 0, 0, 0, 2, 0, 35, 238, 253,
  254, 255, 255, 255, 255, 255, 255, 255, 255, 255, 255, 255, 255, 255, 255, 255, 255, 255, 255, 255, 255, 255, 255, 255,
  255, 255, 255, 255, 255, 255, 255, 255, 255, 255, 255, 255, 255, 255, 255, 255, 255, 255, 255, 255, 255, 255, 255, 254,
  253, 238, 35, 0, 2, 0, 0, 0, 0, 0, 0, 3, 2, 188, 255, 252, 255, 255, 255, 255, 255, 255, 255, 255,
  255, 255, 255, 255, 255, 255, 255, 255, 255, 255, 255, 255, 255, 255, 255, 255, 255, 255, 255, 255, 255, 255, 255, 255,
  255, 255, 255, 255, 255, 255, 255, 255, 255, 255, 255, 255, 255, 255, 255, 255, 252, 255, 188, 2, 3, 0, 0, 0,
  0, 0, 3, 0, 95, 255, 251, 255, 255, 255, 255, 255, 255, 255, 255, 255, 255, 255, 255, 255, 255, 255, 255, 255,
  255, 255, 255, 255, 255, 255, 255, 255, 255, 255, 255, 255, 255, 255, 255, 255, 255, 255, 255, 255, 255, 255, 255, 255,
  255, 255, 255, 255, 255, 255, 255, 255, 255, 251, 255, 95, 0, 3, 0, 0, 0, 1, 2, 19, 231, 253, 253, 255,
  255, 255, 255, 255, 255, 255, 255, 255, 255, 255, 255, 255, 255, 255, 255, 255, 255, 255, 255, 255, 255, 255, 255, 255,
  255, 255, 255, 255, 255, 255, 255, 255, 255, 255, 255, 255, 255, 255, 255, 255, 255, 255, 255, 255, 255, 255, 255, 255,
  255, 253, 253, 231, 19, 2, 1, 0, 0, 3, 0, 128, 255, 251, 255, 255, 255, 255, 255, 255, 255, 255, 255, 255,
  255, 255, 255, 255, 255, 255, 255, 255, 255, 255, 255, 255, 255, 255, 255, 255, 255, 255, 255, 255, 255, 255, 255, 255,
  255, 255, 255, 255, 255, 255, 255, 255, 255, 255, 255, 255, 255, 255, 255, 255, 255, 255, 251, 255, 128, 0, 3, 0,
  1, 1, 22, 236, 254, 254, 255, 255, 255, 255, 255, 255, 255, 255, 255, 255, 255, 255, 255, 255, 255, 255, 255, 255,
  255, 255, 255, 255, 255, 255, 255, 255, 255, 255, 255, 255, 255, 255, 255, 255, 255, 255, 255, 255, 255, 255, 255, 255,
  255, 255, 255, 255, 255, 255, 255, 255, 255, 255, 254, 254, 236, 22, 1, 1, 5, 0, 116, 255, 251, 255, 255, 255,
  255, 255, 255, 255, 255, 255, 255, 255, 255, 255, 255, 255, 255, 255, 255, 255, 255, 255, 255, 255, 255, 255, 255, 255,
  255, 255, 255, 255, 255, 255, 255, 255, 255, 255, 255, 255, 255, 255, 255, 255, 255, 255, 255, 255, 255, 255, 255, 255,
  255, 255, 255, 251, 255, 116, 0, 5, 2, 6, 213, 254, 253, 255, 255, 255, 255, 255, 255, 255, 255, 255, 255, 255,
  255, 255, 255, 255, 255, 255, 255, 255, 255, 255, 255, 255, 255, 255, 255, 255, 255, 255, 255, 255, 255, 255, 255, 255,
  255, 255, 255, 255, 255, 255, 255, 255, 255, 255, 255, 255, 255, 255, 255, 255, 255, 255, 255, 253, 254, 213, 6, 2,
  0, 54, 255, 253, 255, 255, 255, 255, 255, 255, 255, 255, 255, 255, 255, 255, 255, 255, 255, 255, 255, 255, 255, 255,
  255, 255, 255, 255, 255, 255, 255, 255, 255, 255, 255, 255, 255, 255, 255, 255, 255, 255, 255, 255, 255, 255, 255, 255,
  255, 255, 255, 255, 255, 255, 255, 255, 255, 255, 255, 255, 253, 255, 54, 0, 0, 136, 255, 251, 255, 255, 255, 255,
  255, 255, 255, 255, 255, 255, 255, 255, 255, 255, 255, 255, 255, 255, 255, 255, 255, 255, 255, 255, 255, 255, 255, 255,
  255, 255, 255, 255, 255, 255, 255, 255, 255, 255, 255, 255, 255, 255, 255, 255, 255, 255, 255, 255, 255, 255, 255, 255,
  255, 255, 255, 255, 251, 255, 136, 0, 6, 212, 255, 253, 255, 255, 255, 255, 255, 255, 255, 255, 255, 255, 255, 255,
  255, 255, 255, 255, 255, 255, 255, 255, 255, 255, 255, 255, 255, 255, 255, 255, 255, 255, 255, 255, 255, 255, 255, 255,
  255, 255, 255, 255, 255, 255, 255, 255, 255, 255, 255, 255, 255, 255, 255, 255, 255, 255, 255, 255, 253, 255, 212, 6,
  42, 248, 255, 255, 255, 255, 255, 255, 255, 255, 255, 255, 255, 255, 255, 255, 255, 255, 255, 255, 255, 255, 255, 255,
  255, 255, 255, 255, 255, 255, 255, 255, 255, 255, 255, 255, 255, 255, 255, 255, 255, 255, 255, 255, 255, 255, 255, 255,
  255, 255, 255, 255, 255, 255, 255, 255, 255, 255, 255, 255, 255, 255, 248, 42, 91, 255, 253, 255, 255, 255, 255, 255,
  255, 255, 255, 255, 255, 255, 255, 255, 255, 255, 255, 255, 255, 255, 255, 255, 255, 255, 255, 255, 255, 255, 255, 255,
  255, 255, 255, 255, 255, 255, 255, 255, 255, 255, 255, 255, 255, 255, 255, 255, 255, 255, 255, 255, 255, 255, 255, 255,
  255, 255, 255, 255, 255, 253, 255, 91, 135, 255, 252, 255, 255, 255, 255, 255, 255, 255, 255, 255, 255, 255, 255, 255,
  255, 255, 255, 255, 255, 255, 255, 255, 255, 255, 255, 255, 255, 255, 255, 255, 255, 255, 255, 255, 255, 255, 255, 255,
  255, 255, 255, 255, 255, 255, 255, 255, 255, 255, 255, 255, 255, 255, 255, 255, 255, 255, 255, 255, 255, 252, 255, 135,
  186, 255, 253, 255, 255, 255, 255, 255, 255, 255, 255, 255, 255, 255, 255, 255, 255, 255, 255, 255, 255, 255, 255, 255,
  255, 255, 255, 255, 255, 255, 255, 255, 255, 255, 255, 255, 255, 255, 255, 255, 255, 255, 255, 255, 255, 255, 255, 255,
  255, 255, 255, 255, 255, 255, 255, 255, 255, 255, 255, 255, 255, 253, 255, 186, 204, 255, 253, 255, 255, 255, 255, 255,
  255, 255, 255, 255, 255, 255, 255, 255, 255, 255, 255, 255, 255, 255, 255, 255, 255, 255, 255, 255, 255, 255, 255, 255,
  255, 255, 255, 255, 255, 255, 255, 255, 255, 255, 255, 255, 255, 255, 255, 255, 255, 255, 255, 255, 255, 255, 255, 255,
  255, 255, 255, 255, 255, 253, 255, 204, 241, 255, 254, 255, 255, 255, 255, 255, 255, 255, 255, 255, 255, 255, 255, 255,
  255, 255, 255, 255, 255, 255, 255, 255, 255, 255, 255, 255, 255, 255, 255, 255, 255, 255, 255, 255, 255, 255, 255, 255,
  255, 255, 255, 255, 255, 255, 255, 255, 255, 255, 255, 255, 255, 255, 255, 255, 255, 255, 255, 255, 255, 254, 255, 241,
  255, 255, 255, 255, 255, 255, 255, 255, 255, 255, 255, 255, 255, 255, 255, 255, 255, 255, 255, 255, 255, 255, 255, 255,
  255, 255, 255, 255, 255, 255, 255, 255, 255, 255, 255, 255, 255, 255, 255, 255, 255, 255, 255, 255, 255, 255, 255, 255,
  255, 255, 255, 255, 255, 255, 255, 255, 255, 255, 255, 255, 255, 255, 255, 255, 254, 255, 255, 255, 255, 255, 255, 255,
  255, 255, 255, 255, 255, 255, 255, 255, 255, 255, 255, 255, 255, 255, 255, 255, 255, 255, 255, 255, 255, 255, 255, 255,
  255, 255, 255, 255, 255, 255, 255, 255, 255, 255, 255, 255, 255, 255, 255, 255, 255, 255, 255, 255, 255, 255, 255, 255,
  255, 255, 255, 255, 255, 255, 255, 254, 254, 255, 255, 255, 255, 255, 255, 255, 255, 255, 255, 255, 255, 255, 255, 255,
  255, 255, 255, 255, 255, 255, 255, 255, 255, 255, 255, 255, 255, 255, 255, 255, 255, 255, 255, 255, 255, 255, 255, 255,
  255, 255, 255, 255, 255, 255, 255, 255, 255, 255, 255, 255, 255, 255, 255, 255, 255, 255, 255, 255, 255, 255, 255, 254,
  255, 255, 255, 255, 255, 255, 255, 255, 255, 255, 255, 255, 255, 255, 255, 255, 255, 255, 255, 255, 255, 255, 255, 255,
  255, 255, 255, 255, 255, 255, 255, 255, 255, 255, 255, 255, 255, 255, 255, 255, 255, 255, 255, 255, 255, 255, 255, 255,
  255, 255, 255, 255, 255, 255, 255, 255, 255, 255, 255, 255, 255, 255, 255, 255, 241, 255, 254, 255, 255, 255, 255, 255,
  255, 255, 255, 255, 255, 255, 255, 255, 255, 255, 255, 255, 255, 255, 255, 255, 255, 255, 255, 255, 255, 255, 255, 255,
  255, 255, 255, 255, 255, 255, 255, 255, 255, 255, 255, 255, 255, 255, 255, 255, 255, 255, 255, 255, 255, 255, 255, 255,
  255, 255, 255, 255, 255, 254, 255, 241, 204, 255, 253, 255, 255, 255, 255, 255, 255, 255, 255, 255, 255, 255, 255, 255,
  255, 255, 255, 255, 255, 255, 255, 255, 255, 255, 255, 255, 255, 255, 255, 255, 255, 255, 255, 255, 255, 255, 255, 255,
  255, 255, 255, 255, 255, 255, 255, 255, 255, 255, 255, 255, 255, 255, 255, 255, 255, 255, 255, 255, 255, 253, 255, 204,
  186, 255, 253, 255, 255, 255, 255, 255, 255, 255, 255, 255, 255, 255, 255, 255, 255, 255, 255, 255, 255, 255, 255, 255,
  255, 255, 255, 255, 255, 255, 255, 255, 255, 255, 255, 255, 255, 255, 255, 255, 255, 255, 255, 255, 255, 255, 255, 255,
  255, 255, 255, 255, 255, 255, 255, 255, 255, 255, 255, 255, 255, 253, 255, 186, 135, 255, 252, 255, 255, 255, 255, 255,
  255, 255, 255, 255, 255, 255, 255, 255, 255, 255, 255, 255, 255, 255, 255, 255, 255, 255, 255, 255, 255, 255, 255, 255,
  255, 255, 255, 255, 255, 255, 255, 255, 255, 255, 255, 255, 255, 255, 255, 255, 255, 255, 255, 255, 255, 255, 255, 255,
  255, 255, 255, 255, 255, 252, 255, 135, 91, 255, 253, 255, 255, 255, 255, 255, 255, 255, 255, 255, 255, 255, 255, 255,
  255, 255, 255, 255, 255, 255, 255, 255, 255, 255, 255, 255, 255, 255, 255, 255, 255, 255, 255, 255, 255, 255, 255, 255,
  255, 255, 255, 255, 255, 255, 255, 255, 255, 255, 255, 255, 255, 255, 255, 255, 255, 255, 255, 255, 255, 253, 255, 91,
  42, 248, 255, 255, 255, 255, 255, 255, 255, 255, 255, 255, 255, 255, 255, 255, 255, 255, 255, 255, 255, 255, 255, 255,
  255, 255, 255, 255, 255, 255, 255, 255, 255, 255, 255, 255, 255, 255, 255, 255, 255, 255, 255, 255, 255, 255, 255, 255,
  255, 255, 255, 255, 255, 255, 255, 255, 255, 255, 255, 255, 255, 255, 248, 42, 6, 212, 255, 253, 255, 255, 255, 255,
  255, 255, 255, 255, 255, 255, 255, 255, 255, 255, 255, 255, 255, 255, 255, 255, 255, 255, 255, 255, 255, 255, 255, 255,
  255, 255, 255, 255, 255, 255, 255, 255, 255, 255, 255, 255, 255, 255, 255, 255, 255, 255, 255, 255, 255, 255, 255, 255,
  255, 255, 255, 255, 253, 255, 212, 6, 0, 136, 255, 251, 255, 255, 255, 255, 255, 255, 255, 255, 255, 255, 255, 255,
  255, 255, 255, 255, 255, 255, 255, 255, 255, 255, 255, 255, 255, 255, 255, 255, 255, 255, 255, 255, 255, 255, 255, 255,
  255, 255, 255, 255, 255, 255, 255, 255, 255, 255, 255, 255, 255, 255, 255, 255, 255, 255, 255, 255, 251, 255, 136, 0,
  0, 54, 255, 253, 255, 255, 255, 255, 255, 255, 255, 255, 255, 255, 255, 255, 255, 255, 255, 255, 255, 255, 255, 255,
  255, 255, 255, 255, 255, 255, 255, 255, 255, 255, 255, 255, 255, 255, 255, 255, 255, 255, 255, 255, 255, 255, 255, 255,
  255, 255, 255, 255, 255, 255, 255, 255, 255, 255, 255, 255, 253, 255, 54, 0, 2, 6, 213, 254, 253, 255, 255, 255,
  255, 255, 255, 255, 255, 255, 255, 255, 255, 255, 255, 255, 255, 255, 255, 255, 255, 255, 255, 255, 255, 255, 255, 255,
  255, 255, 255, 255, 255, 255, 255, 255, 255, 255, 255, 255, 255, 255, 255, 255, 255, 255, 255, 255, 255, 255, 255, 255,
  255, 255, 255, 253, 254, 213, 6, 2, 5, 0, 116, 255, 251, 255, 255, 255, 255, 255, 255, 255, 255, 255, 255, 255,
  255, 255, 255, 255, 255, 255, 255, 255, 255, 255, 255, 255, 255, 255, 255, 255, 255, 255, 255, 255, 255, 255, 255, 255,
  255, 255, 255, 255, 255, 255, 255, 255, 255, 255, 255, 255, 255, 255, 255, 255, 255, 255, 255, 251, 255, 116, 0, 5,
  1, 1, 22, 236, 254, 254, 255, 255, 255, 255, 255, 255, 255, 255, 255, 255, 255, 255, 255, 255, 255, 255, 255, 255,
  255, 255, 255, 255, 255, 255, 255, 255, 255, 255, 255, 255, 255, 255, 255, 255, 255, 255, 255, 255, 255, 255, 255, 255,
  255, 255, 255, 255, 255, 255, 255, 255, 255, 255, 254, 254, 236, 22, 1, 1, 0, 3, 0, 128, 255, 251, 255, 255,
  255, 255, 255, 255, 255, 255, 255, 255, 255, 255, 255, 255, 255, 255, 255, 255, 255, 255, 255, 255, 255, 255, 255, 255,
  255, 255, 255, 255, 255, 255, 255, 255, 255, 255, 255, 255, 255, 255, 255, 255, 255, 255, 255, 255, 255, 255, 255, 255,
  255, 255, 251, 255, 128, 0, 3, 0, 0, 1, 2, 19, 231, 253, 253, 255, 255, 255, 255, 255, 255, 255, 255, 255,
  255, 255, 255, 255, 255, 255, 255, 255, 255, 255, 255, 255, 255, 255, 255, 255, 255, 255, 255, 255, 255, 255, 255, 255,
  255, 255, 255, 255, 255, 255, 255, 255, 255, 255, 255, 255, 255, 255, 255, 255, 255, 253, 253, 231, 19, 2, 1, 0,
  0, 0, 3, 0, 95, 255, 251, 255, 255, 255, 255, 255, 255, 255, 255, 255, 255, 255, 255, 255, 255, 255, 255, 255,
  255, 255, 255, 255, 255, 255, 255, 255, 255, 255, 255, 255, 255, 255, 255, 255, 255, 255, 255, 255, 255, 255, 255, 255,
  255, 255, 255, 255, 255, 255, 255, 255, 255, 251, 255, 95, 0, 3, 0, 0, 0, 0, 0, 3, 2, 188, 255, 252,
  255, 255, 255, 255, 255, 255, 255, 255, 255, 255, 255, 255, 255, 255, 255, 255, 255, 255, 255, 255, 255, 255, 255, 255,
  255, 255, 255, 255, 255, 255, 255, 255, 255, 255, 255, 255, 255, 255, 255, 255, 255, 255, 255, 255, 255, 255, 255, 255,
  252, 255, 188, 2, 3, 0, 0, 0, 0, 0, 0, 2, 0, 35, 238, 253, 254, 255, 255, 255, 255, 255, 255, 255,
  255, 255, 255, 255, 255, 255, 255, 255, 255, 255, 255, 255, 255, 255, 255, 255, 255, 255, 255, 255, 255, 255, 255, 255,
  255, 255, 255, 255, 255, 255, 255, 255, 255, 255, 255, 255, 255, 255, 255, 254, 253, 238, 35, 0, 2, 0, 0, 0,
  0, 0, 0, 0, 3, 0, 84, 255, 250, 254, 255, 255, 255, 255, 255, 255, 255, 255, 255, 255, 255, 255, 255, 255,
  255, 255, 255, 255, 255, 255, 255, 255, 255, 255, 255, 255, 255, 255, 255, 255, 255, 255, 255, 255, 255, 255, 255, 255,
  255, 255, 255, 255, 255, 255, 254, 250, 255, 84, 0, 3, 0, 0, 0, 0, 0, 0, 0, 0, 0, 4, 0, 143,
  255, 250, 255, 255, 255, 255, 255, 255, 255, 255, 255, 255, 255, 255, 255, 255, 255, 255, 255, 255, 255, 255, 255, 255,
  255, 255, 255, 255, 255, 255, 255, 255, 255, 255, 255, 255, 255, 255, 255, 255, 255, 255, 255, 255, 255, 255, 250, 255,
  143, 0, 4, 0, 0, 0, 0, 0, 0, 0, 0, 0, 0, 1, 4, 0, 154, 255, 251, 255, 255, 255, 255, 255,
  255, 255, 255, 255, 255, 255, 255, 255, 255, 255, 255, 255, 255, 255, 255, 255, 255, 255, 255, 255, 255, 255, 255, 255,
  255, 255, 255, 255, 255, 255, 255, 255, 255, 255, 255, 255, 255, 251, 255, 154, 0, 4, 1, 0, 0, 0, 0, 0,
  0, 0, 0, 0, 0, 0, 1, 2, 0, 154, 255, 250, 255, 255, 255, 255, 255, 255, 255, 255, 255, 255, 255, 255,
  255, 255, 255, 255, 255, 255, 255, 255, 255, 255, 255, 255, 255, 255, 255, 255, 255, 255, 255, 255, 255, 255, 255, 255,
  255, 255, 255, 255, 250, 255, 154, 0, 2, 1, 0, 0, 0, 0, 0, 0, 0, 0, 0, 0, 0, 0, 0, 1,
  3, 0, 154, 255, 252, 254, 255, 255, 255, 255, 255, 255, 255, 255, 255, 255, 255, 255, 255, 255, 255, 255, 255, 255,
  255, 255, 255, 255, 255, 255, 255, 255, 255, 255, 255, 255, 255, 255, 255, 255, 255, 255, 254, 252, 255, 154, 0, 3,
  1, 0, 0, 0, 0, 0, 0, 0, 0, 0, 0, 0, 0, 0, 0, 0, 1, 2, 0, 143, 255, 255, 252, 255,
  255, 255, 255, 255, 255, 255, 255, 255, 255, 255, 255, 255, 255, 255, 255, 255, 255, 255, 255, 255, 255, 255, 255, 255,
  255, 255, 255, 255, 255, 255, 255, 255, 255, 252, 255, 255, 143, 0, 2, 1, 0, 0, 0, 0, 0, 0, 0, 0,
  0, 0, 0, 0, 0, 0, 0, 0, 0, 1, 2, 0, 86, 236, 255, 251, 254, 255, 255, 255, 255, 255, 255, 255,
  255, 255, 255, 255, 255, 255, 255, 255, 255, 255, 255, 255, 255, 255, 255, 255, 255, 255, 255, 255, 255, 255, 255, 254,
  251, 255, 236, 86, 0, 2, 1, 0, 0, 0, 0, 0, 0, 0, 0, 0, 0, 0, 0, 0, 0, 0, 0, 0,
  0, 0, 0, 4, 0, 38, 184, 255, 255, 251, 254, 255, 255, 255, 255, 255, 255, 255, 255, 255, 255, 255, 255, 255,
  255, 255, 255, 255, 255, 255, 255, 255, 255, 255, 255, 255, 255, 254, 251, 255, 255, 184, 38, 0, 4, 0, 0, 0,
  0, 0, 0, 0, 0, 0, 0, 0, 0, 0, 0, 0, 0, 0, 0, 0, 0, 0, 0, 0, 4, 0, 0, 98,
  229, 255, 255, 251, 253, 255, 255, 255, 255, 255, 255, 255, 255, 255, 255, 255, 255, 255, 255, 255, 255, 255, 255, 255,
  255, 255, 255, 253, 251, 255, 255, 229, 98, 0, 0, 4, 0, 0, 0, 0, 0, 0, 0, 0, 0, 0, 0, 0,
  0, 0, 0, 0, 0, 0, 0, 0, 0, 0, 0, 0, 0, 2, 1, 0, 22, 128, 232, 255, 255, 254, 251, 253,
  254, 255, 255, 255, 255, 255, 255, 255, 255, 255, 255, 255, 255, 255, 255, 254, 253, 251, 254, 255, 255, 232, 128, 22,
  0, 1, 2, 0, 0, 0, 0, 0, 0, 0, 0, 0, 0, 0, 0, 0, 0, 0, 0, 0, 0, 0, 0, 0,
  0, 0, 0, 0, 0, 0, 0, 4, 0, 0, 23, 117, 210, 255, 255, 255, 255, 253, 252, 253, 253, 254, 255, 255,
  255, 255, 254, 253, 253, 252, 253, 255, 255, 255, 255, 210, 117, 23, 0, 0, 4, 0, 0, 0, 0, 0, 0, 0,
  0, 0, 0, 0, 0, 0, 0, 0, 0, 0, 0, 0, 0, 0, 0, 0, 0, 0, 0, 0, 0, 0, 0, 0,
  1, 3, 0, 0, 3, 57, 137, 210, 248, 255, 255, 255, 255, 255, 255, 255, 255, 255, 255, 255, 255, 255, 255, 248,
  210, 137, 57, 3, 0, 0, 3, 1, 0, 0, 0, 0, 0, 0, 0, 0, 0, 0, 0, 0, 0, 0, 0, 0,
  0, 0, 0, 0, 0, 0, 0, 0, 0, 0, 0, 0, 0, 0, 0, 0, 0, 0, 1, 4, 0, 0, 0, 4,
  44, 87, 136, 186, 203, 241, 255, 254, 254, 255, 241, 203, 186, 136, 87, 44, 4, 0, 0, 0, 4, 1, 0, 0,
  0, 0, 0, 0, 0, 0, 0, 0, 0, 0, 0, 0, 0, 0, 0, 0,
};

static const uint16_t LOGO_XLM_MEDIUM_RGB[] PROGMEM = {
  0x0000, 0x0000, 0x0000, 0x0000, 0x0000, 0x0000, 0xFFFF, 0xFFFF, 0x0000, 0x0000, 0xFFFF, 0xFFFF, 0xFFFF, 0xFFFF, 0xFFFF, 0xFFFF,
  0xFFFF, 0xFFFF, 0xFFFF, 0xFFFF, 0xFFFF, 0xFFFF, 0x0000, 0x0000, 0xFFFF, 0xFFFF, 0x0000, 0x0000, 0x0000, 0x0000, 0x0000, 0x0000,
  0x0000, 0x0000, 0x0000, 0x0000, 0x0000, 0xFFFF, 0x0000, 0x0000, 0xFFFF, 0xFFFF, 0xFFFF, 0xFFFF, 0xFFFF, 0xFFFF, 0xFFFF, 0xFFFF,
  0xFFFF, 0xFFFF, 0xFFFF, 0xFFFF, 0xFFFF, 0xFFFF, 0xFFFF, 0xFFFF, 0x0000, 0x0000, 0xFFFF, 0x0000, 0x0000, 0x0000, 0x0000, 0x0000,
  0x0000, 0x0000, 0x0000, 0x0000, 0xFFFF, 0x0000, 0xFFFF, 0xFFFF, 0xFFFF, 0xFFFF, 0xFFFF, 0xFFFF, 0xFFFF, 0xFFFF, 0xFFFF, 0xFFFF,
  0xFFFF, 0xFFFF, 0xFFFF, 0xFFFF, 0xFFFF, 0xFFFF, 0xFFFF, 0xFFFF, 0xFFFF, 0xFFFF, 0x0000, 0xFFFF, 0x0000, 0x0000, 0x0000, 0x0000,
  0x0000, 0x0000, 0x0000, 0xFFFF, 0x0000, 0xFFFF, 0xFFFF, 0xFFFF, 0xFFFF, 0xFFFF, 0xFFFF, 0xFFFF, 0xFFFF, 0xFFFF, 0xFFFF, 0xFFFF,
  0xFFFF, 0xFFFF, 0xFFFF, 0xFFFF, 0xFFFF, 0xFFFF, 0xFFFF, 0xFFFF, 0xFFFF, 0xFFFF, 0xFFFF, 0x0000, 0xFFFF, 0x0000, 0x0000, 0x0000,
  0x0000, 0x0000, 0xFFFF, 0x0000, 0xFFFF, 0xFFFF, 0xFFFF, 0xFFFF, 0xFFFF, 0xFFFF, 0xFFFF, 0xFFFF, 0xFFFF, 0xFFFF, 0xFFFF, 0xFFFF,
  0xFFFF, 0xFFFF, 0xFFFF, 0xFFFF, 0xFFFF, 0xFFFF, 0xFFFF, 0xFFFF, 0xFFFF, 0xFFFF, 0xFFFF, 0xFFFF, 0x0000, 0xFFFF, 0x0000, 0x0000,
  0x0000, 0xFFFF, 0x0000, 0xFFFF, 0xFFFF, 0xFFFF, 0xFFFF, 0xFFFF, 0xFFFF, 0xFFFF, 0xFFFF, 0xFFFF, 0xFFFF, 0xFFFF, 0xFFFF, 0xFFFF,
  0xFFFF, 0xFFFF, 0xFFFF, 0xFFFF, 0xFFFF, 0xFFFF, 0xFFFF, 0xFFFF, 0xFFFF, 0xFFFF, 0xFFFF, 0xFFFF, 0xFFFF, 0x0000, 0xFFFF, 0x0000,
  0xFFFF, 0xFFFF, 0xFFFF, 0xFFFF, 0xFFFF, 0xFFFF, 0xFFFF, 0xFFFF, 0xFFFF, 0xFFFF, 0xFFFF, 0xFFFF, 0xFFFF, 0xFFFF, 0xFFFF, 0xFFFF,
  0xFFFF, 0xFFFF, 0xFFFF, 0xFFFF, 0xFFFF, 0xFFFF, 0xFFFF, 0xFFFF, 0xFFFF, 0xFFFF, 0xFFFF, 0xFFFF, 0xFFFF, 0xFFFF, 0xFFFF, 0xFFFF,
  0xFFFF, 0x0000, 0xFFFF, 0xFFFF, 0xFFFF, 0xFFFF, 0xFFFF, 0xFFFF, 0xFFFF, 0xFFFF, 0xFFFF, 0xFFFF, 0xFFFF, 0xFFFF, 0xFFFF, 0xF7BE,
  0xF7BE, 0xFFFF, 0xFFFF, 0xFFFF, 0xFFFF, 0xFFFF, 0xFFFF, 0xFFFF, 0xFFFF, 0xFFFF, 0xFFFF, 0xFFFF, 0xFFFF, 0xFFFF, 0x0000, 0xFFFF,
  0xFFFF, 0xFFFF, 0xFFFF, 0xFFFF, 0xFFFF, 0xFFFF, 0xFFFF, 0xFFFF, 0xFFFF, 0xFFFF, 0xFFFF, 0xFFFF, 0xCE59, 0x6B2C, 0x3186, 0x2924,
  0x2924, 0x39C7, 0x83F0, 0xDEBB, 0xFFFF, 0xFFDF, 0xFFFF, 0xFFFF, 0xF79E, 0xF7BE, 0xFFFF, 0xFFFF, 0xFFFF, 0xFFFF, 0xFFFF, 0xFFFF,
  0x0000, 0xFFFF, 0xFFFF, 0xFFFF, 0xFFFF, 0xFFFF, 0xFFFF, 0xFFFF, 0xFFFF, 0xFFFF, 0xFFDF, 0x6B4D, 0x1061, 0x4A28, 0x8C71, 0xAD75,
  0xAD55, 0x7BEF, 0x2945, 0x4A49, 0xF77D, 0xFFFF, 0xF7BE, 0x8C71, 0x3165, 0xE71C, 0xFFFF, 0xFFFF, 0xFFFF, 0xFFFF, 0xFFFF, 0x0000,
  0xFFFF, 0xFFFF, 0xFFFF, 0xFFFF, 0xFFFF, 0xFFFF, 0xFFFF, 0xFFFF, 0xFFFF, 0xFFDF, 0x4A69, 0x20E3, 0xBDD7, 0xFFFF, 0xFFFF, 0xFFFF,
  0xFFFF, 0xFFFF, 0xFFFF, 0xFFFF, 0xFFDF, 0x94B2, 0x2924, 0x18C3, 0x8C51, 0xFFDF, 0xFFFF, 0xFFFF, 0xFFFF, 0xFFFF, 0xFFFF, 0xFFFF,
  0xFFFF, 0xFFFF, 0xFFFF, 0xFFFF, 0xFFFF, 0xFFFF, 0xFFFF, 0xFFFF, 0xFFFF, 0x7BAE, 0x18C3, 0xE71C, 0xFFFF, 0xFFFF, 0xFFDF, 0xFFDF,
  0xFFFF, 0xFFFF, 0xFFDF, 0x9CF3, 0x2945, 0x18C3, 0x83F0, 0xF7BE, 0xFFFF, 0xFFFF, 0xFFFF, 0xFFFF, 0xFFFF, 0xFFFF, 0xFFFF, 0xFFFF,
  0xFFFF, 0xFFFF, 0xFFFF, 0xFFFF, 0xFFFF, 0xFFFF, 0xFFFF, 0xFFFF, 0xD6BA, 0x1062, 0xBDB6, 0xFFFF, 0xFFDF, 0xFFFF, 0xFFFF, 0xFFFF,
  0xFFFF, 0xA514, 0x2945, 0x18A2, 0x7BCF, 0xF79E, 0xFFFF, 0xE73C, 0x7BCF, 0xE73C, 0xFFFF, 0xFFFF, 0xFFFF, 0xFFFF, 0xFFFF, 0xFFFF,
  0xFFFF, 0xFFFF, 0xFFFF, 0xFFFF, 0xFFFF, 0xFFFF, 0xFFFF, 0xFFFF, 0x7BCF, 0x39C7, 0xFFFF, 0xFFDF, 0xFFFF, 0xFFFF, 0xFFFF, 0xA534,
  0x3166, 0x18A2, 0x73AE, 0xEF5D, 0xFFFF, 0xEF7D, 0x83F0, 0x18C3, 0x39A6, 0xF77D, 0xFFFF, 0xFFFF, 0xFFFF, 0xFFFF, 0xFFFF, 0xFFFF,
  0xFFFF, 0xFFFF, 0xFFFF, 0xFFFF, 0xFFFF, 0xFFFF, 0xFFFF, 0xFFFF, 0x4208, 0x7BCF, 0xFFFF, 0xFFFF, 0xFFFF, 0xAD55, 0x3186, 0x1082,
  0x736D, 0xEF3C, 0xFFFF, 0xF79E, 0x7BEF, 0x20E3, 0x0821, 0x4A28, 0xF7BE, 0xFFFF, 0xFFFF, 0xFFFF, 0xFFFF, 0xFFFF, 0xFFFF, 0xFFFF,
  0xFFFF, 0xFFFF, 0xFFFF, 0xFFFF, 0xFFFF, 0xFFFF, 0xFFFF, 0xFFFF, 0x3165, 0xA514, 0xFFFF, 0xAD75, 0x39A7, 0x1082, 0x6B4D, 0xE71C,
  0xFFFF, 0xF7BE, 0x8410, 0x18C3, 0x2124, 0xA514, 0x526A, 0x6B6D, 0xFFFF, 0xFFFF, 0xFFFF, 0xFFFF, 0xFFFF, 0xFFFF, 0xFFFF, 0xFFFF,
  0xFFFF, 0xFFFF, 0xFFFF, 0xFFFF, 0xFFFF, 0xFFFF, 0xFFFF, 0xFFFF, 0x39C7, 0x62EC, 0x4A49, 0x1061, 0x632C, 0xDEFB, 0xFFFF, 0xFFDF,
  0x8C30, 0x20E3, 0x2104, 0x9492, 0xF7BE, 0xFFFF, 0x528A, 0x6B4D, 0xFFFF, 0xFFFF, 0xFFFF, 0xFFFF, 0xFFFF, 0xFFFF, 0xFFFF, 0xFFFF,
  0xFFFF, 0xFFFF, 0xFFFF, 0xFFFF, 0xFFFF, 0xFFFF, 0xFFFF, 0xAD55, 0x1082, 0x1082, 0x62EB, 0xDEDB, 0xFFFF, 0xFFDF, 0x8C71, 0x20E4,
  0x2104, 0x8C71, 0xF79E, 0xFFFF, 0xFFFF, 0xFFDF, 0x3186, 0x8C71, 0xFFFF, 0xFFDF, 0xFFFF, 0xFFFF, 0xFFFF, 0xFFFF, 0xFFFF, 0xFFFF,
  0xFFFF, 0xFFFF, 0xFFFF, 0xFFFF, 0xFFFF, 0xFFFF, 0xBDD7, 0x0841, 0x630C, 0xD6BA, 0xFFFF, 0xFFFF, 0x9492, 0x2104, 0x20E3, 0x8C51,
  0xF79E, 0xFFFF, 0xFFFF, 0xFFDF, 0xFFFF, 0xD67A, 0x1082, 0xD69A, 0xFFFF, 0xFFFF, 0xFFFF, 0xFFFF, 0xFFFF, 0xFFFF, 0xFFFF, 0xFFFF,
  0xFFFF, 0xFFFF, 0xFFFF, 0xFFFF, 0xFFFF, 0xFFFF, 0xD6BA, 0xCE59, 0xFFFF, 0xFFFF, 0x9CB2, 0x2924, 0x18C3, 0x8410, 0xEF7D, 0xFFFF,
  0xFFFF, 0xFFFF, 0xFFFF, 0xFFFF, 0xFFFF, 0x4A69, 0x4A49, 0xFFFF, 0xFFFF, 0xFFFF, 0xFFFF, 0xFFFF, 0xFFFF, 0xFFFF, 0xFFFF, 0xFFFF,
  0xFFFF, 0xFFFF, 0xFFFF, 0xFFFF, 0xFFFF, 0xFFFF, 0xFFFF, 0xFFFF, 0x9CF3, 0x2945, 0x18C3, 0x8410, 0xFFDF, 0xFFFF, 0xFFFF, 0xFFDF,
  0xFFDF, 0xFFFF, 0xFFFF, 0xFFFF, 0x83EF, 0x1062, 0xD6BA, 0xFFFF, 0xFFFF, 0xFFFF, 0xFFFF, 0xFFFF, 0xFFFF, 0xFFFF, 0xFFFF, 0xFFFF,
  0xFFFF, 0xFFFF, 0xFFFF, 0xFFFF, 0xFFFF, 0xFFFF, 0xD69A, 0x2945, 0x18A3, 0x7BCF, 0xEF5D, 0xFFFF, 0xC638, 0xE73C, 0xFFFF, 0xFFFF,
  0xFFFF, 0xFFFF, 0xDEDB, 0x5AAB, 0x1061, 0xB5B6, 0xFFFF, 0xFFFF, 0xFFFF, 0xFFFF, 0xFFFF, 0xFFFF, 0xFFFF, 0xFFFF, 0xFFFF, 0xFFFF,
  0x0000, 0xFFFF, 0xFFFF, 0xFFFF, 0xFFFF, 0xFFFF, 0xBDD7, 0x6B4D, 0xE73C, 0xFFFF, 0xFFFF, 0xCE59, 0x2945, 0x18C3, 0x528A, 0x738E,
  0x6B4D, 0x4208, 0x10A2, 0x39C7, 0xCE79, 0xFFFF, 0xFFFF, 0xFFFF, 0xFFFF, 0xFFFF, 0xFFFF, 0xFFFF, 0xFFFF, 0xFFFF, 0xFFFF, 0x0000,
  0xFFFF, 0xFFFF, 0xFFFF, 0xFFFF, 0xFFFF, 0xFFFF, 0xFFFF, 0xFFFF, 0xFFFF, 0xFFFF, 0xFFFF, 0xFFFF, 0xF79E, 0xAD34, 0x632C, 0x5269,
  0x528A, 0x738E, 0xBDD7, 0xFFFF, 0xFFFF, 0xFFFF, 0xFFFF, 0xFFFF, 0xFFFF, 0xFFFF, 0xFFFF, 0xFFFF, 0xFFFF, 0xFFFF, 0xFFFF, 0xFFFF,
  0xFFFF, 0x0000, 0xFFFF, 0xFFFF, 0xFFFF, 0xFFFF, 0xFFFF, 0xFFFF, 0xFFFF, 0xFFFF, 0xFFFF, 0xFFFF, 0xFFFF, 0xFFFF, 0xFFFF, 0xFFFF,
  0xFFFF, 0xFFFF, 0xFFFF, 0xFFFF, 0xFFFF, 0xFFFF, 0xFFFF, 0xFFFF, 0xFFFF, 0xFFFF, 0xFFFF, 0xFFFF, 0xFFFF, 0xFFFF, 0x0000, 0xFFFF,
  0xFFFF, 0xFFFF, 0xFFFF, 0xFFFF, 0xFFFF, 0xFFFF, 0xFFFF, 0xFFFF, 0xFFFF, 0xFFFF, 0xFFFF, 0xFFFF, 0xFFFF, 0xFFFF, 0xFFFF, 0xFFFF,
  0xFFFF, 0xFFFF, 0xFFFF, 0xFFFF, 0xFFFF, 0xFFFF, 0xFFFF, 0xFFFF, 0xFFFF, 0xFFFF, 0xFFFF, 0xFFFF, 0xFFFF, 0xFFFF, 0xFFFF, 0xFFFF,
  0x0000, 0xFFFF, 0x0000, 0xFFFF, 0xFFFF, 0xFFFF, 0xFFFF, 0xFFFF, 0xFFFF, 0xFFFF, 0xFFFF, 0xFFFF, 0xFFFF, 0xFFFF, 0xFFFF, 0xFFFF,
  0xFFFF, 0xFFFF, 0xFFFF, 0xFFFF, 0xFFFF, 0xFFFF, 0xFFFF, 0xFFFF, 0xFFFF, 0xFFFF, 0xFFFF, 0xFFFF, 0xFFFF, 0x0000, 0xFFFF, 0x0000,
  0x0000, 0x0000, 0xFFFF, 0x0000, 0xFFFF, 0xFFFF, 0xFFFF, 0xFFFF, 0xFFFF, 0xFFFF, 0xFFFF, 0xFFFF, 0xFFFF, 0xFFFF, 0xFFFF, 0xFFFF,
  0xFFFF, 0xFFFF, 0xFFFF, 0xFFFF, 0xFFFF, 0xFFFF, 0xFFFF, 0xFFFF, 0xFFFF, 0xFFFF, 0xFFFF, 0xFFFF, 0x0000, 0xFFFF, 0x0000, 0x0000,
  0x0000, 0x0000, 0x0000, 0xFFFF, 0x0000, 0xFFFF, 0xFFFF, 0xFFFF, 0xFFFF, 0xFFFF, 0xFFFF, 0xFFFF, 0xFFFF, 0xFFFF, 0xFFFF, 0xFFFF,
  0xFFFF, 0xFFFF, 0xFFFF, 0xFFFF, 0xFFFF, 0xFFFF, 0xFFFF, 0xFFFF, 0xFFFF, 0xFFFF, 0xFFFF, 0x0000, 0xFFFF, 0x0000, 0x0000, 0x0000,
  0x0000, 0x0000, 0x0000, 0x0000, 0xFFFF, 0x0000, 0xFFFF, 0xFFFF, 0xFFFF, 0xFFFF, 0xFFFF, 0xFFFF, 0xFFFF, 0xFFFF, 0xFFFF, 0xFFFF,
  0xFFFF, 0xFFFF, 0xFFFF, 0xFFFF, 0xFFFF, 0xFFFF, 0xFFFF, 0xFFFF, 0xFFFF, 0xFFFF, 0x0000, 0xFFFF, 0x0000, 0x0000, 0x0000, 0x0000,
  0x0000, 0x0000, 0x0000, 0x0000, 0x0000, 0xFFFF, 0x0000, 0x0000, 0xFFFF, 0xFFFF, 0xFFFF, 0xFFFF, 0xFFFF, 0xFFFF, 0xFFFF, 0xFFFF,
  0xFFFF, 0xFFFF, 0xFFFF, 0xFFFF, 0xFFFF, 0xFFFF, 0xFFFF, 0xFFFF, 0x0000, 0x0000, 0xFFFF, 0x0000, 0x0000, 0x0000, 0x0000, 0x0000,
  0x0000, 0x0000, 0x0000, 0x0000, 0x0000, 0x0000, 0xFFFF, 0xFFFF, 0x0000, 0x0000, 0xFFFF, 0xFFFF, 0xFFFF, 0xFFFF, 0xFFFF, 0xFFFF,
  0xFFFF, 0xFFFF, 0xFFFF, 0xFFFF, 0xFFFF, 0xFFFF, 0x0000, 0x0000, 0xFFFF, 0xFFFF, 0x0000, 0x0000, 0x0000, 0x0000, 0x0000, 0x0000,
};
static const uint8_t LOGO_XLM_MEDIUM_ALPHA[] PROGMEM = {
  0, 0, 0, 0, 0, 0, 1, 3, 0, 0, 25, 103, 169, 205, 250, 255, 255, 250, 205, 169, 103, 25, 0, 0,
  3, 1, 0, 0, 0, 0, 0, 0, 0, 0, 0, 0, 0, 2, 0, 0, 43, 152, 228, 255, 255, 255, 255, 255,
  255, 255, 255, 255, 255, 228, 152, 43, 0, 0, 2, 0, 0, 0, 0, 0, 0, 0, 0, 0, 3, 0, 5, 128,
  250, 255, 255, 253, 253, 253, 255, 255, 255, 255, 253, 253, 253, 255, 255, 250, 128, 5, 0, 3, 0, 0, 0, 0,
  0, 0, 0, 3, 0, 37, 196, 255, 255, 251, 254, 255, 255, 255, 255, 255, 255, 255, 255, 255, 255, 254, 251, 255,
  255, 196, 37, 0, 3, 0, 0, 0, 0, 0, 2, 0, 53, 237, 255, 251, 254, 255, 255, 255, 255, 255, 255, 255,
  255, 255, 255, 255, 255, 255, 255, 254, 251, 255, 237, 53, 0, 2, 0, 0, 0, 2, 0, 34, 238, 255, 251, 255,
  255, 255, 255, 255, 255, 255, 255, 255, 255, 255, 255, 255, 255, 255, 255, 255, 255, 251, 255, 238, 34, 0, 2, 0,
  1, 2, 5, 200, 255, 252, 255, 255, 255, 255, 255, 255, 255, 255, 255, 255, 255, 255, 255, 255, 255, 255, 255, 255,
  255, 255, 252, 255, 200, 5, 2, 1, 4, 0, 128, 255, 251, 255, 255, 255, 255, 255, 255, 255, 255, 255, 255, 255,
  255, 255, 255, 255, 255, 255, 255, 255, 255, 255, 255, 251, 255, 128, 0, 4, 1, 39, 251, 252, 254, 255, 255, 255,
  255, 255, 255, 255, 255, 255, 255, 255, 255, 255, 255, 255, 255, 255, 255, 255, 255, 255, 255, 254, 252, 251, 39, 1,
  0, 152, 255, 251, 255, 255, 255, 255, 255, 255, 255, 255, 255, 255, 255, 255, 255, 255, 255, 255, 255, 255, 255, 255,
  255, 255, 255, 255, 251, 255, 152, 0, 23, 232, 254, 254, 255, 255, 255, 255, 255, 255, 255, 255, 255, 255, 255, 255,
  255, 255, 255, 255, 255, 255, 255, 255, 255, 255, 255, 255, 254, 254, 232, 23, 101, 255, 253, 255, 255, 255, 255, 255,
  255, 255, 255, 255, 255, 255, 255, 255, 255, 255, 255, 255, 255, 255, 255, 255, 255, 255, 255, 255, 255, 253, 255, 101,
  173, 254, 252, 255, 255, 255, 255, 255, 255, 255, 255, 255, 255, 255, 255, 255, 255, 255, 255, 255, 255, 255, 255, 255,
  255, 255, 255, 255, 255, 252, 254, 173, 210, 255, 253, 255, 255, 255, 255, 255, 255, 255, 255, 255, 255, 255, 255, 255,
  255, 255, 255, 255, 255, 255, 255, 255, 255, 255, 255, 255, 255, 253, 255, 210, 250, 255, 255, 255, 255, 255, 255, 255,
  255, 255, 255, 255, 255, 255, 255, 255, 255, 255, 255, 255, 255, 255, 255, 255, 255, 255, 255, 255, 255, 255, 255, 250,
  255, 255, 255, 255, 255, 255, 255, 255, 255, 255, 255, 255, 255, 255, 255, 255, 255, 255, 255, 255, 255, 255, 255, 255,
  255, 255, 255, 255, 255, 255, 255, 255, 255, 255, 255, 255, 255, 255, 255, 255, 255, 255, 255, 255, 255, 255, 255, 255,
  255, 255, 255, 255, 255, 255, 255, 255, 255, 255, 255, 255, 255, 255, 255, 255, 250, 255, 255, 255, 255, 255, 255, 255,
  255, 255, 255, 255, 255, 255, 255, 255, 255, 255, 255, 255, 255, 255, 255, 255, 255, 255, 255, 255, 255, 255, 255, 250,
  210, 255, 253, 255, 255, 255, 255, 255, 255, 255, 255, 255, 255, 255, 255, 255, 255, 255, 255, 255, 255, 255, 255, 255,
  255, 255, 255, 255, 255, 253, 255, 210, 173, 254, 252, 255, 255, 255, 255, 255, 255, 255, 255, 255, 255, 255, 255, 255,
  255, 255, 255, 255, 255, 255, 255, 255, 255, 255, 255, 255, 255, 252, 254, 173, 101, 255, 253, 255, 255, 255, 255, 255,
  255, 255, 255, 255, 255, 255, 255, 255, 255, 255, 255, 255, 255, 255, 255, 255, 255, 255, 255, 255, 255, 253, 255, 101,
  23, 232, 254, 254, 255, 255, 255, 255, 255, 255, 255, 255, 255, 255, 255, 255, 255, 255, 255, 255, 255, 255, 255, 255,
  255, 255, 255, 255, 254, 254, 232, 23, 0, 152, 255, 251, 255, 255, 255, 255, 255, 255, 255, 255, 255, 255, 255, 255,
  255, 255, 255, 255, 255, 255, 255, 255, 255, 255, 255, 255, 251, 255, 152, 0, 1, 39, 251, 252, 254, 255, 255, 255,
  255, 255, 255, 255, 255, 255, 255, 255, 255, 255, 255, 255, 255, 255, 255, 255, 255, 255, 255, 254, 252, 251, 39, 1,
  4, 0, 128, 255, 251, 255, 255, 255, 255, 255, 255, 255, 255, 255, 255, 255, 255, 255, 255, 255, 255, 255, 255, 255,
  255, 255, 255, 251, 255, 128, 0, 4, 1, 2, 5, 200, 255, 252, 255, 255, 255, 255, 255, 255, 255, 255, 255, 255,
  255, 255, 255, 255, 255, 255, 255, 255, 255, 255, 252, 255, 200, 5, 2, 1, 0, 2, 0, 34, 238, 255, 251, 255,
  255, 255, 255, 255, 255, 255, 255, 255, 255, 255, 255, 255, 255, 255, 255, 255, 255, 251, 255, 238, 34, 0, 2, 0,
  0, 0, 2, 0, 53, 237, 255, 251, 254, 255, 255, 255, 255, 255, 255, 255, 255, 255, 255, 255, 255, 255, 255, 254,
  251, 255, 237, 53, 0, 2, 0, 0, 0, 0, 0, 3, 0, 37, 196, 255, 255, 251, 254, 255, 255, 255, 255, 255,
  255, 255, 255, 255, 255, 254, 251, 255, 255, 196, 37, 0, 3, 0, 0, 0, 0, 0, 0, 0, 3, 0, 5, 128,
  250, 255, 255, 253, 253, 253, 255, 255, 255, 255, 253, 253, 253, 255, 255, 250, 128, 5, 0, 3, 0, 0, 0, 0,
  0, 0, 0, 0, 0, 2, 0, 0, 43, 152, 228, 255, 255, 255, 255, 255, 255, 255, 255, 255, 255, 228, 152, 43,
  0, 0, 2, 0, 0, 0, 0, 0, 0, 0, 0, 0, 0, 0, 1, 3, 0, 0, 25, 103, 169, 205, 250, 255,
  255, 250, 205, 169, 103, 25, 0, 0, 3, 1, 0, 0, 0, 0, 0, 0,
};

static const uint16_t LOGO_XLM_SMALL_RGB[] PROGMEM = {
  0x0000, 0x0000, 0x0000, 0xFFFF, 0x0000, 0xFFFF, 0xFFFF, 0xFFFF, 0xFFFF, 0xFFFF, 0xFFFF, 0xFFFF, 0xFFFF, 0xFFFF, 0xFFFF, 0x0000,
  0xFFFF, 0x0000, 0x0000, 0x0000, 0x0000, 0x0000, 0xFFFF, 0x0000, 0xFFFF, 0xFFFF, 0xFFFF, 0xFFFF, 0xFFFF, 0xFFFF, 0xFFFF, 0xFFFF,
  0xFFFF, 0xFFFF, 0xFFFF, 0xFFFF, 0x0000, 0xFFFF, 0x0000, 0x0000, 0x0000, 0xFFFF, 0x0000, 0xFFFF, 0xFFFF, 0xFFFF, 0xFFFF, 0xFFFF,
  0xFFFF, 0xFFFF, 0xFFFF, 0xFFFF, 0xFFFF, 0xFFFF, 0xFFFF, 0xFFFF, 0xFFFF, 0x0000, 0xFFFF, 0x0000, 0xFFFF, 0x0000, 0xFFFF, 0xFFFF,
  0xFFFF, 0xFFFF, 0xFFFF, 0xFFFF, 0xFFFF, 0xFFFF, 0xFFFF, 0xFFFF, 0xFFFF, 0xFFFF, 0xFFFF, 0xFFFF, 0xFFFF, 0xFFFF, 0x0000, 0xFFFF,
  0x0000, 0xFFFF, 0xFFFF, 0xFFFF, 0xFFFF, 0xFFFF, 0xFFFF, 0xFFFF, 0xFFFF, 0xF79E, 0xF79E, 0xFFFF, 0xFFFF, 0xFFFF, 0xFFFF, 0xFFFF,
  0xFFFF, 0xFFFF, 0xFFFF, 0x0000, 0xFFFF, 0xFFFF, 0xFFFF, 0xFFFF, 0xFFFF, 0xFFFF, 0xFFFF, 0xBDD7, 0x62EB, 0x52AA, 0x52AA, 0x5ACB,
  0xC638, 0xFFFF, 0xF7BE, 0xC618, 0xFFFF, 0xFFFF, 0xFFFF, 0xFFFF, 0xFFFF, 0xFFFF, 0xFFFF, 0xFFFF, 0xFFFF, 0xFFFF, 0x9492, 0x4A49,
  0xBDF7, 0xEF7D, 0xF79E, 0xCE59, 0xD679, 0xA514, 0x4208, 0x9492, 0xFFFF, 0xFFFF, 0xFFFF, 0xFFFF, 0xFFFF, 0xFFFF, 0xFFFF, 0xFFFF,
  0xFFFF, 0xC618, 0x4A29, 0xF7BE, 0xFFFF, 0xFFFF, 0xFFFF, 0xB5B6, 0x52AA, 0x73AE, 0xDEDB, 0xE71C, 0xFFFF, 0xFFFF, 0xFFFF, 0xFFFF,
  0xFFFF, 0xFFFF, 0xFFFF, 0xFFFF, 0xFFFF, 0x632C, 0xBDD7, 0xFFFF, 0xFFFF, 0xAD55, 0x4A69, 0x6B6D, 0xD6BA, 0xCE79, 0x5AEB, 0x7BCF,
  0xFFFF, 0xFFFF, 0xFFFF, 0xFFFF, 0xFFFF, 0xFFFF, 0xFFFF, 0xFFFF, 0xFFDF, 0x62EB, 0xF79E, 0xB596, 0x5269, 0x6B4D, 0xD6BA, 0xD67A,
  0x6B4D, 0x4A49, 0x41E7, 0xFFDF, 0xFFFF, 0xFFFF, 0xFFFF, 0xFFFF, 0xFFFF, 0xFFFF, 0xFFFF, 0xFFFF, 0xFFDF, 0x39C7, 0x4A49, 0x6B4D,
  0xD69A, 0xD69A, 0x6B4D, 0x526A, 0xB5B6, 0xEF7D, 0x62EB, 0xFFFF, 0xFFFF, 0xFFFF, 0xFFFF, 0xFFFF, 0xFFFF, 0xFFFF, 0xFFFF, 0xFFFF,
  0x7BAE, 0x62EB, 0xD69A, 0xD6BA, 0x6B4D, 0x5269, 0xAD75, 0xFFFF, 0xFFFF, 0xB5B6, 0x6B2C, 0xFFFF, 0xFFFF, 0xFFFF, 0xFFFF, 0xFFFF,
  0xFFFF, 0xFFFF, 0xFFFF, 0xFFFF, 0xE71C, 0xDEDB, 0x738E, 0x5AAA, 0xBDB6, 0xFFFF, 0xFFFF, 0xFFFF, 0xF7BE, 0x4A28, 0xC638, 0xFFFF,
  0xFFFF, 0xFFFF, 0xFFFF, 0xFFFF, 0xFFFF, 0xFFFF, 0xFFFF, 0xFFFF, 0x9492, 0x4A28, 0xA534, 0xCE79, 0xCE59, 0xF79E, 0xEF7D, 0xBDD7,
  0x4A49, 0x94B2, 0xFFFF, 0xFFFF, 0xFFFF, 0xFFFF, 0xFFFF, 0xFFFF, 0xFFFF, 0xFFFF, 0xFFFF, 0xFFFF, 0xC638, 0xFFDF, 0xFFFF, 0xC618,
  0x5ACB, 0x52AA, 0x52AA, 0x62EB, 0xBDF7, 0xFFFF, 0xFFFF, 0xFFFF, 0xFFFF, 0xFFFF, 0xFFFF, 0xFFFF, 0x0000, 0xFFFF, 0xFFFF, 0xFFFF,
  0xFFFF, 0xFFFF, 0xFFFF, 0xFFFF, 0xFFFF, 0xF79E, 0xF79E, 0xFFFF, 0xFFFF, 0xFFFF, 0xFFFF, 0xFFFF, 0xFFFF, 0xFFFF, 0xFFFF, 0x0000,
  0xFFFF, 0x0000, 0xFFFF, 0xFFFF, 0xFFFF, 0xFFFF, 0xFFFF, 0xFFFF, 0xFFFF, 0xFFFF, 0xFFFF, 0xFFFF, 0xFFFF, 0xFFFF, 0xFFFF, 0xFFFF,
  0xFFFF, 0xFFFF, 0x0000, 0xFFFF, 0x0000, 0xFFFF, 0x0000, 0xFFFF, 0xFFFF, 0xFFFF, 0xFFFF, 0xFFFF, 0xFFFF, 0xFFFF, 0xFFFF, 0xFFFF,
  0xFFFF, 0xFFFF, 0xFFFF, 0xFFFF, 0xFFFF, 0x0000, 0xFFFF, 0x0000, 0x0000, 0x0000, 0xFFFF, 0x0000, 0xFFFF, 0xFFFF, 0xFFFF, 0xFFFF,
  0xFFFF, 0xFFFF, 0xFFFF, 0xFFFF, 0xFFFF, 0xFFFF, 0xFFFF, 0xFFFF, 0x0000, 0xFFFF, 0x0000, 0x0000, 0x0000, 0x0000, 0x0000, 0xFFFF,
  0x0000, 0xFFFF, 0xFFFF, 0xFFFF, 0xFFFF, 0xFFFF, 0xFFFF, 0xFFFF, 0xFFFF, 0xFFFF, 0xFFFF, 0x0000, 0xFFFF, 0x0000, 0x0000, 0x0000,
};
static const uint8_t LOGO_XLM_SMALL_ALPHA[] PROGMEM = {
  0, 0, 0, 3, 0, 6, 101, 185, 228, 254, 254, 228, 185, 101, 6, 0, 3, 0, 0, 0, 0, 0, 2, 0,
  85, 208, 255, 255, 255, 255, 255, 255, 255, 255, 208, 85, 0, 2, 0, 0, 0, 3, 0, 143, 255, 255, 253, 253,
  254, 255, 255, 254, 253, 253, 255, 255, 143, 0, 3, 0, 4, 0, 143, 255, 251, 253, 255, 255, 255, 255, 255, 255,
  255, 255, 253, 251, 255, 143, 0, 4, 0, 81, 255, 250, 254, 255, 255, 255, 255, 255, 255, 255, 255, 255, 255, 254,
  250, 255, 81, 0, 8, 215, 255, 253, 255, 255, 255, 255, 255, 255, 255, 255, 255, 255, 255, 255, 253, 255, 215, 8,
  99, 255, 253, 255, 255, 255, 255, 255, 255, 255, 255, 255, 255, 255, 255, 255, 255, 253, 255, 99, 187, 254, 252, 255,
  255, 255, 255, 255, 255, 255, 255, 255, 255, 255, 255, 255, 255, 252, 254, 187, 231, 255, 254, 255, 255, 255, 255, 255,
  255, 255, 255, 255, 255, 255, 255, 255, 255, 254, 255, 231, 255, 255, 255, 255, 255, 255, 255, 255, 255, 255, 255, 255,
  255, 255, 255, 255, 255, 255, 255, 255, 255, 255, 255, 255, 255, 255, 255, 255, 255, 255, 255, 255, 255, 255, 255, 255,
  255, 255, 255, 255, 231, 255, 254, 255, 255, 255, 255, 255, 255, 255, 255, 255, 255, 255, 255, 255, 255, 254, 255, 231,
  187, 254, 252, 255, 255, 255, 255, 255, 255, 255, 255, 255, 255, 255, 255, 255, 255, 252, 254, 187, 99, 255, 253, 255,
  255, 255, 255, 255, 255, 255, 255, 255, 255, 255, 255, 255, 255, 253, 255, 99, 8, 215, 255, 253, 255, 255, 255, 255,
  255, 255, 255, 255, 255, 255, 255, 255, 253, 255, 215, 8, 0, 81, 255, 250, 254, 255, 255, 255, 255, 255, 255, 255,
  255, 255, 255, 254, 250, 255, 81, 0, 4, 0, 143, 255, 251, 253, 255, 255, 255, 255, 255, 255, 255, 255, 253, 251,
  255, 143, 0, 4, 0, 3, 0, 143, 255, 255, 253, 253, 254, 255, 255, 254, 253, 253, 255, 255, 143, 0, 3, 0,
  0, 0, 2, 0, 85, 208, 255, 255, 255, 255, 255, 255, 255, 255, 208, 85, 0, 2, 0, 0, 0, 0, 0, 3,
  0, 6, 101, 185, 228, 254, 254, 228, 185, 101, 6, 0, 3, 0, 0, 0,
};

static const uint16_t LOGO_VELO_LARGE_RGB[] PROGMEM = {
  0x0000, 0x0000, 0x0000, 0x0000, 0x0000, 0x0000, 0x0000, 0x0000, 0x0000, 0x0000, 0x0000, 0x0000, 0x0000, 0x0000, 0x0000, 0x0000,
  0x0000, 0x0000, 0x0000, 0xF80F, 0xB807, 0x0000, 0x0000, 0x0000, 0x0000, 0xC8CC, 0xD8CB, 0xD8CB, 0xD8CB, 0xD8CC, 0xD8CB, 0xD8CB,
  0xD8CB, 0xD8CB, 0xD8CB, 0xD8CB, 0xD8CB, 0xD8CB, 0xD8AB, 0x0000, 0x0000, 0x0000, 0x0000, 0xF80A, 0xF80F, 0x0000, 0x0000, 0x0000,
  0x0000, 0x0000, 0x0000, 0x0000, 0x0000, 0x0000, 0x0000, 0x0000, 0x0000, 0x0000, 0x0000, 0x0000, 0x0000, 0x0000, 0x0000, 0x0000,
  0x0000, 0x0000, 0x0000, 0x0000, 0x0000, 0x0000, 0x0000, 0x0000, 0x0000, 0x0000, 0x0000, 0x0000, 0x0000, 0x0000, 0x0000, 0x0000,
  0x0000, 0xF80F, 0xA80A, 0x0000, 0x0000, 0xC80C, 0xD8AC, 0xD8CB, 0xD8CB, 0xD8CB, 0xD8CB, 0xE0CC, 0xE0CC, 0xE0CC, 0xE0CC, 0xE0CC,
  0xE0CC, 0xE0CC, 0xE0CC, 0xE0CC, 0xE0CC, 0xD8CB, 0xD8CB, 0xD8CB, 0xD8CB, 0xD8CB, 0xB8EB, 0x0000, 0x0000, 0xF80F, 0xF80F, 0x0000,
  0x0000, 0x0000, 0x0000, 0x0000, 0x0000, 0x0000, 0x0000, 0x0000, 0x0000, 0x0000, 0x0000, 0x0000, 0x0000, 0x0000, 0x0000, 0x0000,
  0x0000, 0x0000, 0x0000, 0x0000, 0x0000, 0x0000, 0x0000, 0x0000, 0x0000, 0x0000, 0x0000, 0x0000, 0x0000, 0x0000, 0x0000, 0xF800,
  0xA80A, 0x0000, 0x0000, 0xD8EB, 0xD8CB, 0xD8CB, 0xD8CC, 0xE8EC, 0xE0CC, 0xE0CC, 0xD8CB, 0xD8CB, 0xD8CB, 0xD8CB, 0xD8CB, 0xD8CB,
  0xD8CB, 0xD8CB, 0xD8CB, 0xD8CB, 0xD8CB, 0xD8CB, 0xE0CC, 0xE0CC, 0xE8EC, 0xD8CC, 0xD8CB, 0xD8CC, 0xD8CB, 0x0000, 0x0000, 0xA80A,
  0x780F, 0x0000, 0x0000, 0x0000, 0x0000, 0x0000, 0x0000, 0x0000, 0x0000, 0x0000, 0x0000, 0x0000, 0x0000, 0x0000, 0x0000, 0x0000,
  0x0000, 0x0000, 0x0000, 0x0000, 0x0000, 0x0000, 0x0000, 0x0000, 0x0000, 0x0000, 0x0000, 0x0000, 0x0000, 0x0000, 0xF80A, 0x0000,
  0x0000, 0xD8CB, 0xD8CB, 0xD8CB, 0xE8EC, 0xE0CC, 0xD8CB, 0xD8CB, 0xD8CB, 0xD8CB, 0xD8CB, 0xD8CB, 0xD8CB, 0xD8CB, 0xD8CB, 0xD8CB,
  0xD8CB, 0xD8CB, 0xD8CB, 0xD8CB, 0xD8CB, 0xD8CB, 0xD8CB, 0xD8CB, 0xD8CB, 0xD8CB, 0xE0CC, 0xE8EC, 0xD8CC, 0xD8CC, 0xD0CB, 0x0000,
  0x0000, 0xF80A, 0x0000, 0x0000, 0x0000, 0x0000, 0x0000, 0x0000, 0x0000, 0x0000, 0x0000, 0x0000, 0x0000, 0x0000, 0x0000, 0x0000,
  0x0000, 0x0000, 0x0000, 0x0000, 0x0000, 0x0000, 0x0000, 0x0000, 0x0000, 0x0000, 0x0000, 0x0000, 0xF800, 0xF80F, 0x0000, 0xC88B,
  0xD8CB, 0xD8CC, 0xE8EC, 0xD8CC, 0xD8CB, 0xD8CB, 0xD8CB, 0xD8CB, 0xD8CB, 0xD8CB, 0xD8CB, 0xD8CB, 0xD8CB, 0xD8CB, 0xD8CB, 0xD8CB,
  0xD8CB, 0xD8CB, 0xD8CB, 0xD8CB, 0xD8CB, 0xD8CB, 0xD8CB, 0xD8CB, 0xD8CB, 0xD8CB, 0xD8CB, 0xD8CB, 0xD8CC, 0xE0CC, 0xD8CC, 0xD8CC,
  0xD0AB, 0x0000, 0xF800, 0x780F, 0x0000, 0x0000, 0x0000, 0x0000, 0x0000, 0x0000, 0x0000, 0x0000, 0x0000, 0x0000, 0x0000, 0x0000,
  0x0000, 0x0000, 0x0000, 0x0000, 0x0000, 0x0000, 0x0000, 0x0000, 0x0000, 0x0000, 0x0000, 0xF80F, 0x0000, 0x0000, 0xD8CB, 0xD8CC,
  0xE8EC, 0xD8CC, 0xD8CB, 0xD8CB, 0xD8CB, 0xD8CB, 0xD8CB, 0xD8CB, 0xD8CB, 0xD8CB, 0xD8CB, 0xD8CB, 0xD8CB, 0xD8CB, 0xD8CB, 0xD8CB,
  0xD8CB, 0xD8CB, 0xD8CB, 0xD8CB, 0xD8CB, 0xD8CB, 0xD8CB, 0xD8CB, 0xD8CB, 0xD8CB, 0xD8CB, 0xD8CB, 0xD8CB, 0xD8CB, 0xD8CB, 0xE8EC,
  0xD8CC, 0xD8CB, 0x0000, 0x0000, 0xA80A, 0x0000, 0x0000, 0x0000, 0x0000, 0x0000, 0x0000, 0x0000, 0x0000, 0x0000, 0x0000, 0x0000,
  0x0000, 0x0000, 0x0000, 0x0000, 0x0000, 0x0000, 0x0000, 0x0000, 0x0000, 0x0000, 0xF80A, 0x0000, 0xC8CB, 0xD8CC, 0xE0CC, 0xD8CC,
  0xD8CB, 0xD8CB, 0xD8CB, 0xD8CB, 0xD8CB, 0xD8CB, 0xD8CB, 0xD8CB, 0xD8CB, 0xD8CB, 0xD8CB, 0xD8CB, 0xD8CB, 0xD8CB, 0xD8CB, 0xD8CB,
  0xD8CB, 0xD8CB, 0xD8CB, 0xD8CB, 0xD8CB, 0xD8CB, 0xD8CB, 0xD8CB, 0xD8CB, 0xD8CB, 0xD8CB, 0xD8CB, 0xD8CB, 0xD8CB, 0xD8CB, 0xD8CB,
  0xD8CC, 0xE0EC, 0xD8CC, 0xD08B, 0x0000, 0xF80A, 0x0000, 0x0000, 0x0000, 0x0000, 0x0000, 0x0000, 0x0000, 0x0000, 0x0000, 0x0000,
  0x0000, 0x0000, 0x0000, 0x0000, 0x0000, 0x0000, 0x0000, 0x0000, 0x0000, 0xB807, 0x0000, 0xD0AB, 0xD8CC, 0xE8EC, 0xD8CB, 0xD8CB,
  0xD8CB, 0xD8CB, 0xD8CB, 0xD8CB, 0xD8CB, 0xD8CB, 0xD8CB, 0xD8CB, 0xD8CB, 0xD8CB, 0xD8CB, 0xD8CB, 0xD8CB, 0xD8CB, 0xD8CB, 0xD8CB,
  0xD8CB, 0xD8CB, 0xD8CB, 0xD8CB, 0xD8CB, 0xD8CB, 0xD8CB, 0xD8CB, 0xD8CB, 0xD8CB, 0xD8CB, 0xD8CB, 0xD8CB, 0xD8CB, 0xD8CB, 0xD8CB,
  0xD8CB, 0xD8CB, 0xE0EC, 0xD8CC, 0xD0AB, 0x0000, 0xB807, 0x0000, 0x0000, 0x0000, 0x0000, 0x0000, 0x0000, 0x0000, 0x0000, 0x0000,
  0x0000, 0x0000, 0x0000, 0x0000, 0x0000, 0x0000, 0x0000, 0x0000, 0xB807, 0x0000, 0xD8CB, 0xD8CC, 0xE0CC, 0xD8CB, 0xD8CB, 0xD8CB,
  0xD8CB, 0xD8CB, 0xD8CB, 0xD8CB, 0xD8CB, 0xD8CB, 0xD8CB, 0xD8CB, 0xD8CB, 0xD8CB, 0xD8CB, 0xD8CB, 0xD8CB, 0xD8CB, 0xD8CB, 0xD8CB,
  0xD8CB, 0xD8CB, 0xD8CB, 0xD8CB, 0xD8CB, 0xD8CB, 0xD8CB, 0xD8CB, 0xD8CB, 0xD8CB, 0xD8CB, 0xD8CB, 0xD8CB, 0xD8CB, 0xD8CB, 0xD8CB,
  0xD8CB, 0xD8CB, 0xD8CB, 0xE0CC, 0xD8CC, 0xD0CB, 0x0000, 0xB807, 0x0000, 0x0000, 0x0000, 0x0000, 0x0000, 0x0000, 0x0000, 0x0000,
  0x0000, 0x0000, 0x0000, 0x0000, 0x0000, 0x0000, 0x0000, 0xB807, 0x0000, 0xD0CB, 0xD8CC, 0xE0CC, 0xD8CB, 0xD8CB, 0xD8CB, 0xD8CB,
  0xD8CB, 0xD8CB, 0xD8CB, 0xD8CB, 0xD8CB, 0xD8CB, 0xD8CB, 0xD8CB, 0xD8CB, 0xD8CB, 0xD8CB, 0xD8CB, 0xD8CB, 0xD8CB, 0xD8CB, 0xD8CB,
  0xD8CB, 0xD8CB, 0xD8CB, 0xD8CB, 0xD8CB, 0xD8CB, 0xD8CB, 0xD8CB, 0xD8CB, 0xD8CB, 0xD8CB, 0xD8CB, 0xD8CB, 0xD8CB, 0xD8CB, 0xD8CB,
  0xD8CB, 0xD8CB, 0xD8CB, 0xD8CB, 0xD8CC, 0xD8CC, 0xD8CB, 0x0000, 0xB807, 0x0000, 0x0000, 0x0000, 0x0000, 0x0000, 0x0000, 0x0000,
  0x0000, 0x0000, 0x0000, 0x0000, 0x0000, 0x0000, 0xF80A, 0x0000, 0xD8CB, 0xD8CC, 0xD8CC, 0xD8CB, 0xD8CB, 0xD8CB, 0xD8CB, 0xD8CB,
  0xD8CB, 0xD8CB, 0xD8CB, 0xD8CB, 0xD8CB, 0xD8CB, 0xD8CB, 0xD8CB, 0xD8CB, 0xD8CB, 0xD8CB, 0xD8CB, 0xD8CB, 0xD8CB, 0xD8CB, 0xD8CB,
  0xD8CB, 0xD8CB, 0xD8CB, 0xD8CB, 0xD8CB, 0xD8CB, 0xD8CB, 0xD8CB, 0xD8CB, 0xD8CB, 0xD8CB, 0xD8CB, 0xD8CB, 0xD8CB, 0xD8CB, 0xD8CB,
  0xD8CB, 0xD8CB, 0xD8CB, 0xD8CB, 0xD8CB, 0xD8CC, 0xD8CC, 0xD0CB, 0x0000, 0xF80A, 0x0000, 0x0000, 0x0000, 0x0000, 0x0000, 0x0000,
  0x0000, 0x0000, 0x0000, 0x0000, 0x0000, 0xF80F, 0x0000, 0xD0AB, 0xD8CC, 0xD8CC, 0xD8CB, 0xD8CB, 0xD8CB, 0xD8CB, 0xD8CB, 0xD8CB,
  0xD8CB, 0xD8CB, 0xD8CB, 0xD8CB, 0xD8CB, 0xD8CB, 0xD8CB, 0xD8CB, 0xD8CB, 0xD8CB, 0xD8CB, 0xD8CB, 0xD8CB, 0xD8CB, 0xD8CB, 0xD8CB,
  0xD8CB, 0xD8CB, 0xD8CB, 0xD8CB, 0xD8CB, 0xD8CB, 0xD8CB, 0xD8CB, 0xD8CB, 0xD8CB, 0xD8CB, 0xD8CB, 0xD8CB, 0xD8CB, 0xD8CB, 0xD8CB,
  0xD8CB, 0xD8CB, 0xD8CB, 0xD8CB, 0xD8CB, 0xD8CB, 0xD8CC, 0xD8CC, 0xD8AB, 0x0000, 0xA80A, 0x0000, 0x0000, 0x0000, 0x0000, 0x0000,
  0x0000, 0x0000, 0x0000, 0x0000, 0xF81F, 0x780F, 0xE0EC, 0xD8CB, 0xE0CC, 0xD8CB, 0xD8CB, 0xD8CB, 0xD8CB, 0xD8CB, 0xD8CB, 0xD8CB,
  0xD8CB, 0xD8CB, 0xD8CB, 0xD8CB, 0xD8CB, 0xD8CB, 0xD8CB, 0xD8CB, 0xD8CB, 0xD8CB, 0xD8CB, 0xD8CB, 0xD8CB, 0xD8CB, 0xD8CB, 0xD8CB,
  0xD8CB, 0xD8CB, 0xD8CB, 0xD8CB, 0xD8CB, 0xD8CB, 0xD8CB, 0xD8CB, 0xD8CB, 0xD8CB, 0xD8CB, 0xD8CB, 0xD8CB, 0xD8CB, 0xD8CB, 0xD8CB,
  0xD8CB, 0xD8CB, 0xD8CB, 0xD8CB, 0xD8CB, 0xD8CB, 0xD8CB, 0xE0CC, 0xD8CB, 0xD0EC, 0xF800, 0xF80F, 0x0000, 0x0000, 0x0000, 0x0000,
  0x0000, 0x0000, 0x0000, 0x0000, 0xA80A, 0x0000, 0xD8CB, 0xE8EC, 0xD8CB, 0xD8CB, 0xD8CB, 0xD8CB, 0xD8CB, 0xD8CB, 0xD8CB, 0xD8CB,
  0xD8CB, 0xD8CB, 0xD8CB, 0xD8CB, 0xD8CB, 0xD8CB, 0xD8CB, 0xD8CB, 0xD8CB, 0xD8CB, 0xD8CB, 0xD8CB, 0xD8CB, 0xD8CB, 0xD8CB, 0xD8CB,
  0xD8CB, 0xD8CB, 0xD8CB, 0xD8CB, 0xD8CB, 0xD8CB, 0xD8CB, 0xD8CB, 0xD8CB, 0xD8CB, 0xD8CB, 0xD8CB, 0xD8CB, 0xD8CB, 0xD8CB, 0xD8CB,
  0xD8CB, 0xD8CB, 0xD8CB, 0xD8CB, 0xD8CB, 0xD8CB, 0xD8CB, 0xD8CB, 0xE0CC, 0xD8CB, 0x0000, 0xA80A, 0x0000, 0x0000, 0x0000, 0x0000,
  0x0000, 0x0000, 0x0000, 0xA80A, 0x0000, 0xD8CB, 0xE0CC, 0xD8CB, 0xD8CB, 0xD8CB, 0xD8CB, 0xD8CB, 0xD8CB, 0xD8CB, 0xD8CB, 0xD8CB,
  0xD8CB, 0xD8CB, 0xD8CB, 0xD8CB, 0xD8CB, 0xD8CB, 0xD8CB, 0xD8CB, 0xD8CB, 0xD8CB, 0xD8CB, 0xD8CB, 0xD8CB, 0xD8CB, 0xD8CB, 0xD8CB,
  0xD8CB, 0xD8CB, 0xD8CB, 0xD8CB, 0xD8CB, 0xD8CB, 0xD8CB, 0xD8CB, 0xD8CB, 0xD8CB, 0xD8CB, 0xD8CB, 0xD8CB, 0xD8CB, 0xD8CB, 0xD8CB,
  0xD8CB, 0xD8CB, 0xD8CB, 0xD8CB, 0xD8CB, 0xD8CB, 0xD8CB, 0xD8CB, 0xD8CB, 0xE0EC, 0xD8CB, 0x0000, 0xA80A, 0x0000, 0x0000, 0x0000,
  0x0000, 0x0000, 0x780F, 0xF800, 0xD8EB, 0xD8CB, 0xD8CC, 0xD8CB, 0xD8CB, 0xD8CB, 0xD8CB, 0xD8CB, 0xD8CB, 0xD8CB, 0xD8CB, 0xD8CB,
  0xD8CB, 0xD8CB, 0xD8CB, 0xD8CB, 0xD8CB, 0xD8CB, 0xD8CB, 0xD8CB, 0xD8CB, 0xD8CB, 0xD8CB, 0xD8CB, 0xD8CB, 0xD8CB, 0xD8CB, 0xD8CB,
  0xD8CB, 0xD8CB, 0xD8CB, 0xD8CB, 0xD8CB, 0xD8CB, 0xD8CB, 0xD8CB, 0xD8CB, 0xD8CB, 0xD8CB, 0xD8CB, 0xD8CB, 0xD8CB, 0xD8CB, 0xD8CB,
  0xD8CB, 0xD8CB, 0xD8CB, 0xD8CB, 0xD8CB, 0xD8CB, 0xD8CB, 0xD8CB, 0xD8CB, 0xD8CC, 0xD8CC, 0xD8AB, 0xF800, 0xF80F, 0x0000, 0x0000,
  0x0000, 0x0000, 0xF80F, 0x0000, 0xD8CC, 0xE8EC, 0xD8CB, 0xD8CB, 0xD8CB, 0xD8CB, 0xD8CB, 0xD8CB, 0xD8CB, 0xD8CB, 0xD8CB, 0xD8CB,
  0xD8CB, 0xD8CB, 0xD8CB, 0xD8CB, 0xD8CB, 0xD8CB, 0xD8CB, 0xD8CB, 0xD8CB, 0xD8CB, 0xD8CB, 0xD8CB, 0xD8CB, 0xD8CB, 0xD8CB, 0xD8CB,
  0xD8CB, 0xD8CB, 0xD8CB, 0xD8CB, 0xD8CB, 0xD8CB, 0xD8CB, 0xD8CB, 0xD8CB, 0xD8CB, 0xD8CB, 0xD8CB, 0xD8CB, 0xD8CB, 0xD8CB, 0xD8CB,
  0xD8CB, 0xD8CB, 0xD8CB, 0xD8CB, 0xD8CB, 0xD8CB, 0xD8CB, 0xD8CB, 0xD8CB, 0xD8CB, 0xE0CC, 0xD8CB, 0x0000, 0xF80F, 0x0000, 0x0000,
  0x0000, 0xF80F, 0xF800, 0xD8AB, 0xD8CC, 0xD8CB, 0xD8CB, 0xD8CB, 0xD8CB, 0xD8CB, 0xD8CB, 0xD8CB, 0xD8CB, 0xD8CB, 0xD8CB, 0xD8CB,
  0xD8CB, 0xD8CC, 0xD8EC, 0xD8CC, 0xD8CB, 0xD8CB, 0xD8CB, 0xD8CB, 0xD8CB, 0xD8CB, 0xD8CB, 0xD8CB, 0xD8CB, 0xD8CB, 0xD8CB, 0xD8CB,
  0xD8CB, 0xD8CB, 0xD8CB, 0xD8CB, 0xD8CB, 0xD8CB, 0xD8CB, 0xD8CB, 0xD8CB, 0xD8CB, 0xD8CB, 0xD8CB, 0xD8CB, 0xD8CC, 0xD8CC, 0xD8CB,
  0xD8CB, 0xD8CB, 0xD8CB, 0xD8CB, 0xD8CB, 0xD8CB, 0xD8CB, 0xD8CB, 0xD8CB, 0xD8CB, 0xD8CB, 0xD8CC, 0xD8AB, 0x0000, 0xF80F, 0x0000,
  0x0000, 0xF80F, 0x0000, 0xD8CB, 0xE8EC, 0xD8CB, 0xD8CB, 0xD8CB, 0xD8CB, 0xD8CB, 0xD8CB, 0xD8CB, 0xD8CB, 0xD8CB, 0xD8CB, 0xD8EC,
  0xD8EC, 0xD8AB, 0xD8AB, 0xD8AB, 0xD8EC, 0xD8EC, 0xD8CB, 0xD8CB, 0xD8CB, 0xD8CB, 0xD8CB, 0xD8CB, 0xD8CB, 0xD8CB, 0xD8CB, 0xD8CB,
  0xD8CB, 0xD8CB, 0xD8CB, 0xD8CB, 0xD8CB, 0xD8CB, 0xD8CB, 0xD8CB, 0xD8CB, 0xD8CB, 0xD8EC, 0xD8EC, 0xD8CB, 0xD8AB, 0xD8AB, 0xD8CC,
  0xD8EC, 0xD8CC, 0xD8CB, 0xD8CB, 0xD8CB, 0xD8CB, 0xD8CB, 0xD8CB, 0xD8CB, 0xD8CB, 0xD8CB, 0xE0EC, 0xD8CB, 0x0000, 0xF80F, 0x0000,
  0xF80F, 0x0000, 0xE0AC, 0xD8CB, 0xD8CC, 0xD8CB, 0xD8CB, 0xD8CB, 0xD8CB, 0xD8CB, 0xD8CB, 0xD8CB, 0xD8CB, 0xD8EC, 0xD8CB, 0xD04A,
  0xD88A, 0xD94C, 0xD98D, 0xD90C, 0xD04A, 0xD88B, 0xD8EC, 0xD8CB, 0xD8CB, 0xD8CB, 0xD8CB, 0xD8CB, 0xD8CB, 0xD8CB, 0xD8CB, 0xD8CB,
  0xD8CB, 0xD8CB, 0xD8CB, 0xD8CB, 0xD8CB, 0xD8CB, 0xD8CB, 0xD8CB, 0xD8CB, 0xD8EC, 0xD88B, 0xD04A, 0xD8CB, 0xD96C, 0xD94C, 0xD88B,
  0xD04A, 0xD8AB, 0xD8EC, 0xD8CB, 0xD8CB, 0xD8CB, 0xD8CB, 0xD8CB, 0xD8CB, 0xD8CB, 0xD8CB, 0xD8CB, 0xD8CC, 0xD0AC, 0x0000, 0xA80A,
  0xB807, 0x0000, 0xD8CB, 0xE8EC, 0xD8CB, 0xD8CB, 0xD8CB, 0xD8CB, 0xD8CB, 0xD8CB, 0xD8CB, 0xD8CB, 0xD8EC, 0xD88B, 0xD8CB, 0xEBB3,
  0xF63A, 0xFF5E, 0xFF9E, 0xFF3D, 0xF578, 0xE22F, 0xD04A, 0xD8EC, 0xD8CB, 0xD8CB, 0xD8CB, 0xD8CB, 0xD8CB, 0xD8CB, 0xD8CB, 0xD8CB,
  0xD8CB, 0xD8CB, 0xD8CB, 0xD8CB, 0xD8CB, 0xD8CB, 0xD8CB, 0xD8CB, 0xD8EC, 0xD04A, 0xD98D, 0xECB6, 0xFEBC, 0xFF7E, 0xFF5E, 0xF65B,
  0xEC14, 0xD90C, 0xD86B, 0xD8EC, 0xD8CB, 0xD8CB, 0xD8CB, 0xD8CB, 0xD8CB, 0xD8CB, 0xD8CB, 0xD8CB, 0xE8EC, 0xD8CB, 0x0000, 0xF80A,
  0x0000, 0xD14A, 0xD8CB, 0xE0CC, 0xD8CB, 0xD8CB, 0xD8CB, 0xD8CB, 0xD8CB, 0xD8CB, 0xD8CB, 0xD8EC, 0xD88B, 0xD9CE, 0xF69B, 0xFFFF,
  0xFFFF, 0xFFFF, 0xFFFF, 0xFFFF, 0xFFFF, 0xFFFF, 0xEBF4, 0xD04A, 0xD8EC, 0xD8CC, 0xD8CB, 0xD8CB, 0xD8CB, 0xD8CB, 0xD8CB, 0xD8CB,
  0xD8CB, 0xD8CB, 0xD8CB, 0xD8CB, 0xD8CB, 0xD8CB, 0xD8CB, 0xD8EC, 0xD04A, 0xE352, 0xFF9E, 0xFFFF, 0xFFFF, 0xFFFF, 0xFFFF, 0xFFFF,
  0xFFFF, 0xFEFC, 0xE22F, 0xD86A, 0xD8EC, 0xD8CB, 0xD8CB, 0xD8CB, 0xD8CB, 0xD8CB, 0xD8CB, 0xD8CB, 0xE0CC, 0xD8CB, 0xE0AB, 0x0000,
  0x0000, 0xD8CB, 0xD8CC, 0xD8CB, 0xD8CB, 0xD8CB, 0xD8CB, 0xD8CB, 0xD8CB, 0xD8CB, 0xD8EC, 0xD8AB, 0xD96D, 0xFF3D, 0xFFFF, 0xFFDF,
  0xFFFF, 0xFFFF, 0xFFFF, 0xFFFF, 0xFFDF, 0xFFFF, 0xFFFF, 0xEC75, 0xD04A, 0xD8EC, 0xD8CC, 0xD8CB, 0xD8CB, 0xD8CB, 0xD8CB, 0xD8CB,
  0xD8CB, 0xD8CB, 0xD8CB, 0xD8CB, 0xD8CB, 0xD8CB, 0xD8EC, 0xD04A, 0xE311, 0xFFFF, 0xFFFF, 0xFFDF, 0xFFFF, 0xFFFF, 0xFFFF, 0xFFFF,
  0xFFDF, 0xFFFF, 0xFF9E, 0xD9CE, 0xD88B, 0xD8EC, 0xD8CB, 0xD8CB, 0xD8CB, 0xD8CB, 0xD8CB, 0xD8CB, 0xD8CB, 0xE0CC, 0xD8CC, 0x0000,
  0x0000, 0xD8CB, 0xE8EC, 0xD8CB, 0xD8CB, 0xD8CB, 0xD8CB, 0xD8CB, 0xD8CB, 0xD8CB, 0xD8EC, 0xD04A, 0xF578, 0xFFFF, 0xFFDF, 0xFFFF,
  0xFFFF, 0xFFFF, 0xFFFF, 0xFFFF, 0xFFFF, 0xFFFF, 0xFFDF, 0xFFFF, 0xEC95, 0xD04A, 0xD8EC, 0xD8CC, 0xD8CB, 0xD8CB, 0xD8CB, 0xD8CB,
  0xD8CB, 0xD8CB, 0xD8CB, 0xD8CB, 0xD8CB, 0xD8CC, 0xD8AB, 0xD92C, 0xFF7E, 0xFFFF, 0xFFFF, 0xFFFF, 0xFFFF, 0xFFFF, 0xFFFF, 0xFFFF,
  0xFFFF, 0xFFDF, 0xFFFF, 0xF61A, 0xD88A, 0xD8EC, 0xD8CB, 0xD8CB, 0xD8CB, 0xD8CB, 0xD8CB, 0xD8CB, 0xD8CB, 0xE8EC, 0xD8CB, 0x0000,
  0x0000, 0xD8CB, 0xE0EC, 0xD8CB, 0xD8CB, 0xD8CB, 0xD8CB, 0xD8CB, 0xD8CB, 0xD8EC, 0xD88B, 0xD9AD, 0xFFDF, 0xFFFF, 0xFFFF, 0xFFFF,
  0xFFFF, 0xFFFF, 0xFFFF, 0xFFFF, 0xFFFF, 0xFFFF, 0xFFFF, 0xFFDF, 0xFFFF, 0xEC95, 0xD04A, 0xD8EC, 0xD8CC, 0xD8CB, 0xD8CB, 0xD8CB,
  0xD8CB, 0xD8CB, 0xD8CB, 0xD8CB, 0xD8CB, 0xD8EC, 0xD04A, 0xEBF3, 0xFFFF, 0xFFFF, 0xFFFF, 0xFFFF, 0xFFFF, 0xFFFF, 0xFFFF, 0xFFFF,
  0xFFFF, 0xFFFF, 0xFFFF, 0xFFFF, 0xE22F, 0xD86B, 0xD8EC, 0xD8CB, 0xD8CB, 0xD8CB, 0xD8CB, 0xD8CB, 0xD8CB, 0xE0CC, 0xD8CB, 0xF80F,
  0xD0CB, 0xD8CB, 0xD8CC, 0xD8CB, 0xD8CB, 0xD8CB, 0xD8CB, 0xD8CB, 0xD8CB, 0xD8EC, 0xD84A, 0xE332, 0xFFFF, 0xFFFF, 0xFFFF, 0xFFFF,
  0xFFFF, 0xFFFF, 0xFFFF, 0xFFFF, 0xFFFF, 0xFFFF, 0xFFFF, 0xFFFF, 0xFFDF, 0xFFFF, 0xEC95, 0xD04A, 0xD8EC, 0xD8CC, 0xD8CB, 0xD8CB,
  0xD8CB, 0xD8CB, 0xD8CB, 0xD8CB, 0xD8CB, 0xD8EC, 0xD86A, 0xF5D9, 0xFFFF, 0xFFFF, 0xFFFF, 0xFFFF, 0xFFFF, 0xFFFF, 0xFFFF, 0xFFFF,
  0xFFFF, 0xFFFF, 0xFFFF, 0xFFFF, 0xEBF4, 0xD04A, 0xD8EC, 0xD8CB, 0xD8CB, 0xD8CB, 0xD8CB, 0xD8CB, 0xD8CB, 0xD8CC, 0xD8CB, 0xD0CB,
  0xD8CB, 0xD8CB, 0xD8CC, 0xD8CB, 0xD8CB, 0xD8CB, 0xD8CB, 0xD8CB, 0xD8CB, 0xD8EC, 0xD04A, 0xEBD4, 0xFFFF, 0xFFFF, 0xFFFF, 0xFFFF,
  0xFFFF, 0xFFFF, 0xFFFF, 0xFFFF, 0xFFFF, 0xFFFF, 0xFFFF, 0xFFFF, 0xFFFF, 0xFFFF, 0xFFFF, 0xEC95, 0xD04A, 0xD8EC, 0xD8CC, 0xD8CB,
  0xD8CB, 0xD8CB, 0xD8CB, 0xD8CB, 0xD8CB, 0xD8CC, 0xD8AB, 0xF67B, 0xFFFF, 0xFFFF, 0xFFFF, 0xFFFF, 0xFFFF, 0xFFFF, 0xFFFF, 0xFFFF,
  0xFFFF, 0xFFFF, 0xFFFF, 0xFFFF, 0xECB6, 0xD04A, 0xD8EC, 0xD8CB, 0xD8CB, 0xD8CB, 0xD8CB, 0xD8CB, 0xD8CB, 0xD8CB, 0xD8CC, 0xD8CB,
  0xD8CB, 0xE0CC, 0xD8CB, 0xD8CB, 0xD8CB, 0xD8CB, 0xD8CB, 0xD8CB, 0xD8CB, 0xD8EC, 0xD04A, 0xE372, 0xFFFF, 0xFFFF, 0xFFFF, 0xFFFF,
  0xFFFF, 0xFFFF, 0xFFFF, 0xFFFF, 0xFFFF, 0xFFFF, 0xFFFF, 0xFFFF, 0xFFFF, 0xFFFF, 0xFFDF, 0xFFFF, 0xEC95, 0xD04A, 0xD8EC, 0xD8CC,
  0xD8CB, 0xD8CB, 0xD8CB, 0xD8CB, 0xD8CB, 0xD8EC, 0xD88A, 0xF63A, 0xFFFF, 0xFFFF, 0xFFFF, 0xFFFF, 0xFFFF, 0xFFFF, 0xFFFF, 0xFFFF,
  0xFFFF, 0xFFFF, 0xFFFF, 0xFFFF, 0xEC35, 0xD04A, 0xD8EC, 0xD8CB, 0xD8CB, 0xD8CB, 0xD8CB, 0xD8CB, 0xD8CB, 0xD8CB, 0xE0CC, 0xD8CB,
  0xD8CB, 0xE0CC, 0xD8CB, 0xD8CB, 0xD8CB, 0xD8CB, 0xD8CB, 0xD8CB, 0xD8CB, 0xD8EC, 0xD88B, 0xE22F, 0xFFFF, 0xFFFF, 0xFFFF, 0xFFFF,
  0xFFFF, 0xFFFF, 0xFFFF, 0xFFFF, 0xFFFF, 0xFFFF, 0xFFFF, 0xFFFF, 0xFFFF, 0xFFFF, 0xFFFF, 0xFFFF, 0xFFFF, 0xEC95, 0xD04A, 0xD8EC,
  0xD8CC, 0xD8CB, 0xD8CB, 0xD8CB, 0xD8CB, 0xD8EC, 0xD04A, 0xEC96, 0xFFFF, 0xFFFF, 0xFFFF, 0xFFFF, 0xFFFF, 0xFFFF, 0xFFFF, 0xFFFF,
  0xFFFF, 0xFFFF, 0xFFFF, 0xFFFF, 0xE2D0, 0xD86A, 0xD8EC, 0xD8CB, 0xD8CB, 0xD8CB, 0xD8CB, 0xD8CB, 0xD8CB, 0xD8CB, 0xE0CC, 0xD8CB,
  0xD8CB, 0xE0CC, 0xD8CB, 0xD8CB, 0xD8CB, 0xD8CB, 0xD8CB, 0xD8CB, 0xD8CB, 0xD8CB, 0xD8CC, 0xD88A, 0xF65A, 0xFFFF, 0xFFFF, 0xFFFF,
  0xFFFF, 0xFFFF, 0xFFFF, 0xFFFF, 0xFFFF, 0xFFFF, 0xFFFF, 0xFFFF, 0xFFFF, 0xFFFF, 0xFFFF, 0xFFFF, 0xFFDF, 0xFFFF, 0xEC95, 0xD04A,
  0xD8EC, 0xD8CC, 0xD8CB, 0xD8CB, 0xD8CB, 0xD8EC, 0xD88B, 0xDA0E, 0xFFFF, 0xFFFF, 0xFFFF, 0xFFFF, 0xFFFF, 0xFFFF, 0xFFFF, 0xFFFF,
  0xFFFF, 0xFFFF, 0xFFFF, 0xFEFC, 0xD8EB, 0xD8CB, 0xD8CB, 0xD8CB, 0xD8CB, 0xD8CB, 0xD8CB, 0xD8CB, 0xD8CB, 0xD8CB, 0xE0CC, 0xD8CB,
  0xD8CB, 0xE0CC, 0xD8CB, 0xD8CB, 0xD8CB, 0xD8CB, 0xD8CB, 0xD8CB, 0xD8CB, 0xD8CB, 0xD8EC, 0xD86A, 0xE24F, 0xFFFF, 0xFFFF, 0xFFFF,
  0xFFFF, 0xFFFF, 0xFFFF, 0xFFFF, 0xFFFF, 0xFFFF, 0xFFFF, 0xFFFF, 0xFFFF, 0xFFFF, 0xFFFF, 0xFFFF, 0xFFFF, 0xFFDF, 0xFFFF, 0xEC95,
  0xD04A, 0xD8EC, 0xD8CC, 0xD8CB, 0xD8CB, 0xD8CB, 0xD8EC, 0xD04A, 0xECB6, 0xFFFF, 0xFFDF, 0xFFFF, 0xFFFF, 0xFFFF, 0xFFFF, 0xFFFF,
  0xFFFF, 0xFFFF, 0xFFFF, 0xE311, 0xD86A, 0xD8EC, 0xD8CB, 0xD8CB, 0xD8CB, 0xD8CB, 0xD8CB, 0xD8CB, 0xD8CB, 0xD8CB, 0xE0CC, 0xD8CB,
  0xD8CB, 0xE0CC, 0xD8CB, 0xD8CB, 0xD8CB, 0xD8CB, 0xD8CB, 0xD8CB, 0xD8CB, 0xD8CB, 0xD8CB, 0xD8EC, 0xD04A, 0xE372, 0xFFFF, 0xFFFF,
  0xFFFF, 0xFFFF, 0xFFFF, 0xFFFF, 0xFFFF, 0xFFFF, 0xFFFF, 0xFFFF, 0xFFFF, 0xFFFF, 0xFFFF, 0xFFFF, 0xFFFF, 0xFFFF, 0xFFDF, 0xFFFF,
  0xEC75, 0xD04A, 0xD8EC, 0xD8CC, 0xD8CB, 0xD8CB, 0xD8CB, 0xD8CC, 0xD8AA, 0xF557, 0xFFFF, 0xFFFF, 0xFFFF, 0xFFFF, 0xFFFF, 0xFFFF,
  0xFFFF, 0xFFFF, 0xEBF4, 0xD06A, 0xD8EC, 0xD8CB, 0xD8CB, 0xD8CB, 0xD8CB, 0xD8CB, 0xD8CB, 0xD8CB, 0xD8CB, 0xD8CB, 0xE0CC, 0xD8CB,
  0xD8CB, 0xE0CC, 0xD8CB, 0xD8CB, 0xD8CB, 0xD8CB, 0xD8CB, 0xD8CB, 0xD8CB, 0xD8CB, 0xD8CB, 0xD8CB, 0xD8EC, 0xD04A, 0xE352, 0xFFFF,
  0xFFFF, 0xFFFF, 0xFFFF, 0xFFFF, 0xFFFF, 0xFFFF, 0xFFFF, 0xFFFF, 0xFFFF, 0xFFFF, 0xFFFF, 0xFFFF, 0xFFFF, 0xFFFF, 0xFFFF, 0xFFDF,
  0xFFFF, 0xEC75, 0xD04A, 0xD8EC, 0xD8CC, 0xD8CB, 0xD8CB, 0xD8CC, 0xD8CB, 0xD88A, 0xEB93, 0xFEDC, 0xFFFF, 0xFFFF, 0xFFFF, 0xFFDF,
  0xF63A, 0xE290, 0xD04A, 0xD8EC, 0xD8CB, 0xD8CB, 0xD8CB, 0xD8CB, 0xD8CB, 0xD8CB, 0xD8CB, 0xD8CB, 0xD8CB, 0xD8CB, 0xE0CC, 0xD8CB,
  0xD8CB, 0xE0CC, 0xD8CB, 0xD8CB, 0xD8CB, 0xD8CB, 0xD8CB, 0xD8CB, 0xD8CB, 0xD8CB, 0xD8CB, 0xD8CB, 0xD8CB, 0xD8EC, 0xD02A, 0xE352,
  0xFFFF, 0xFFFF, 0xFFFF, 0xFFFF, 0xFFFF, 0xFFFF, 0xFFFF, 0xFFFF, 0xFFFF, 0xFFFF, 0xFFFF, 0xFFFF, 0xFFFF, 0xFFFF, 0xFFFF, 0xFFFF,
  0xFFDF, 0xFFFF, 0xEC75, 0xD04A, 0xD8EC, 0xD8CC, 0xD8CB, 0xD8CB, 0xD8CC, 0xD8CC, 0xD04A, 0xD8CB, 0xE24F, 0xE332, 0xE2F1, 0xD9CE,
  0xD88A, 0xD86A, 0xD8EC, 0xD8CB, 0xD8CB, 0xD8CB, 0xD8CB, 0xD8CB, 0xD8CB, 0xD8CB, 0xD8CB, 0xD8CB, 0xD8CB, 0xD8CB, 0xE0CC, 0xD8CB,
  0xD8CB, 0xE0CC, 0xD8CB, 0xD8CB, 0xD8CB, 0xD8CB, 0xD8CB, 0xD8CB, 0xD8CB, 0xD8CB, 0xD8CB, 0xD8CB, 0xD8CB, 0xD8CB, 0xD8EC, 0xD02A,
  0xE352, 0xFFFF, 0xFFFF, 0xFFFF, 0xFFFF, 0xFFFF, 0xFFFF, 0xFFFF, 0xFFFF, 0xFFFF, 0xFFFF, 0xFFFF, 0xFFFF, 0xFFFF, 0xFFFF, 0xFFFF,
  0xFFFF, 0xFFFF, 0xFFFF, 0xEC75, 0xD04A, 0xD8EC, 0xD8CB, 0xD8CB, 0xD8CB, 0xD8CB, 0xD8EC, 0xD8CB, 0xD86A, 0xD04A, 0xD84A, 0xD88B,
  0xD8CC, 0xD8EC, 0xD8CB, 0xD8CB, 0xD8CB, 0xD8CB, 0xD8CB, 0xD8CB, 0xD8CB, 0xD8CB, 0xD8CB, 0xD8CB, 0xD8CB, 0xD8CB, 0xE0CC, 0xD8CB,
  0xD8CB, 0xE0CC, 0xD8CB, 0xD8CB, 0xD8CB, 0xD8CB, 0xD8CB, 0xD8CB, 0xD8CB, 0xD8CB, 0xD8CB, 0xD8CB, 0xD8CB, 0xD8CB, 0xD8CB, 0xD8EC,
  0xD02A, 0xE352, 0xFFFF, 0xFFFF, 0xFFFF, 0xFFFF, 0xFFFF, 0xFFFF, 0xFFFF, 0xFFFF, 0xFFFF, 0xFFFF, 0xFFFF, 0xFFFF, 0xFFFF, 0xFFFF,
  0xFFFF, 0xFFFF, 0xFFDF, 0xFFFF, 0xEC75, 0xD04A, 0xD8EC, 0xD8CB, 0xD8CB, 0xD8CB, 0xD8CB, 0xD8CB, 0xD8EC, 0xD8EC, 0xD8EC, 0xD8EC,
  0xD8CB, 0xD8CB, 0xD8CB, 0xD8CB, 0xD8CB, 0xD8CB, 0xD8CB, 0xD8CB, 0xD8CB, 0xD8CB, 0xD8CB, 0xD8CB, 0xD8CB, 0xD8CB, 0xE0CC, 0xD8CB,
  0xD8CB, 0xE0CC, 0xD8CB, 0xD8CB, 0xD8CB, 0xD8CB, 0xD8CB, 0xD8CB, 0xD8CB, 0xD8CB, 0xD8CB, 0xD8CB, 0xD8CB, 0xD8CB, 0xD8CB, 0xD8CB,
  0xD8EC, 0xD02A, 0xE352, 0xFFFF, 0xFFFF, 0xFFFF, 0xFFFF, 0xFFFF, 0xFFFF, 0xFFFF, 0xFFFF, 0xFFFF, 0xFFFF, 0xFFFF, 0xFFFF, 0xFFFF,
  0xFFFF, 0xFFFF, 0xFFFF, 0xFFDF, 0xFFFF, 0xEC54, 0xD04A, 0xD8EC, 0xD8CB, 0xD8CB, 0xD8CB, 0xD8CB, 0xD8CB, 0xD8CB, 0xD8CB, 0xD8CB,
  0xD8CB, 0xD8CB, 0xD8CB, 0xD8CB, 0xD8CB, 0xD8CB, 0xD8CB, 0xD8CB, 0xD8CB, 0xD8CB, 0xD8CB, 0xD8CB, 0xD8CB, 0xD8CB, 0xE0CC, 0xD8CB,
  0xD8CB, 0xD8CB, 0xD8CB, 0xD8CB, 0xD8CB, 0xD8CB, 0xD8CB, 0xD8CB, 0xD8CB, 0xD8CB, 0xD8CB, 0xD8CB, 0xD8CB, 0xD8CB, 0xD8CB, 0xD8CB,
  0xD8CB, 0xD8EC, 0xD04A, 0xE352, 0xFFFF, 0xFFFF, 0xFFFF, 0xFFFF, 0xFFFF, 0xFFFF, 0xFFFF, 0xFFFF, 0xFFFF, 0xFFFF, 0xFFFF, 0xFFFF,
  0xFFFF, 0xFFFF, 0xFFFF, 0xFFFF, 0xFFFF, 0xFFFF, 0xE2B0, 0xD86A, 0xD8EC, 0xD8CB, 0xD8CB, 0xD8CB, 0xD8CB, 0xD8CB, 0xD8CB, 0xD8CB,
  0xD8CB, 0xD8CB, 0xD8CB, 0xD8CB, 0xD8CB, 0xD8CB, 0xD8CB, 0xD8CB, 0xD8CB, 0xD8CB, 0xD8CB, 0xD8CB, 0xD8CB, 0xD8CB, 0xD8CC, 0xD8AB,
  0xD8CA, 0xD8CB, 0xE0CC, 0xD8CB, 0xD8CB, 0xD8CB, 0xD8CB, 0xD8CB, 0xD8CB, 0xD8CB, 0xD8CB, 0xD8CB, 0xD8CB, 0xD8CB, 0xD8CB, 0xD8CB,
  0xD8CB, 0xD8CB, 0xD8EC, 0xD02A, 0xE352, 0xFFFF, 0xFFFF, 0xFFFF, 0xFFFF, 0xFFFF, 0xFFFF, 0xFFFF, 0xFFFF, 0xFFFF, 0xFFFF, 0xFFFF,
  0xFFFF, 0xFFFF, 0xFFFF, 0xFFFF, 0xFFFF, 0xFFFF, 0xF67B, 0xD88B, 0xD8CC, 0xD8CB, 0xD8CB, 0xD8CB, 0xD8CB, 0xD8CB, 0xD8CB, 0xD8CB,
  0xD8CB, 0xD8CB, 0xD8CB, 0xD8CB, 0xD8CB, 0xD8CB, 0xD8CB, 0xD8CB, 0xD8CB, 0xD8CB, 0xD8CB, 0xD8CB, 0xD8CB, 0xD8CC, 0xD8CB, 0xD8EB,
  0xF800, 0xD8CB, 0xE0CC, 0xD8CB, 0xD8CB, 0xD8CB, 0xD8CB, 0xD8CB, 0xD8CB, 0xD8CB, 0xD8CB, 0xD8CB, 0xD8CB, 0xD8CB, 0xD8CB, 0xD8CB,
  0xD8CB, 0xD8CB, 0xD8CB, 0xD8EC, 0xD02A, 0xE352, 0xFFFF, 0xFFFF, 0xFFFF, 0xFFFF, 0xFFFF, 0xFFFF, 0xFFFF, 0xFFFF, 0xFFFF, 0xFFFF,
  0xFFFF, 0xFFFF, 0xFFFF, 0xFFFF, 0xFFFF, 0xFFFF, 0xFFFF, 0xD9EE, 0xD88B, 0xD8EC, 0xD8CB, 0xD8CB, 0xD8CB, 0xD8CB, 0xD8CB, 0xD8CB,
  0xD8CB, 0xD8CB, 0xD8CB, 0xD8CB, 0xD8CB, 0xD8CB, 0xD8CB, 0xD8CB, 0xD8CB, 0xD8CB, 0xD8CB, 0xD8CB, 0xD8CB, 0xE0CC, 0xD8CB, 0xF80A,
  0x0000, 0xD8CB, 0xE8EC, 0xD8CB, 0xD8CB, 0xD8CB, 0xD8CB, 0xD8CB, 0xD8CB, 0xD8CB, 0xD8CB, 0xD8CB, 0xD8CB, 0xD8CB, 0xD8CB, 0xD8CB,
  0xD8CB, 0xD8CB, 0xD8CB, 0xD8CB, 0xD8EC, 0xD04A, 0xE352, 0xFFFF, 0xFFFF, 0xFFFF, 0xFFFF, 0xFFFF, 0xFFFF, 0xFFFF, 0xFFFF, 0xFFFF,
  0xFFFF, 0xFFFF, 0xFFFF, 0xFFFF, 0xFFFF, 0xFFFF, 0xFFFF, 0xE311, 0xD04A, 0xD8EC, 0xD8CB, 0xD8CB, 0xD8CB, 0xD8CB, 0xD8CB, 0xD8CB,
  0xD8CB, 0xD8CB, 0xD8CB, 0xD8CB, 0xD8CB, 0xD8CB, 0xD8CB, 0xD8CB, 0xD8CB, 0xD8CB, 0xD8CB, 0xD8CB, 0xD8CB, 0xE8EC, 0xD8CB, 0x0000,
  0x0000, 0xD8CB, 0xD8CC, 0xD8CB, 0xD8CB, 0xD8CB, 0xD8CB, 0xD8CB, 0xD8CB, 0xD8CB, 0xD8CB, 0xD8CB, 0xD8CB, 0xD8CB, 0xD8CB, 0xD8CB,
  0xD8CB, 0xD8CB, 0xD8CB, 0xD8CB, 0xD8CB, 0xD8EC, 0xD04A, 0xE352, 0xFFFF, 0xFFFF, 0xFFFF, 0xFFFF, 0xFFFF, 0xFFFF, 0xFFFF, 0xFFFF,
  0xFFFF, 0xFFFF, 0xFFFF, 0xFFFF, 0xFFFF, 0xFFFF, 0xFFFF, 0xE352, 0xD04A, 0xD8EC, 0xD8CB, 0xD8CB, 0xD8CB, 0xD8CB, 0xD8CB, 0xD8CB,
  0xD8CB, 0xD8CB, 0xD8CB, 0xD8CB, 0xD8CB, 0xD8CB, 0xD8CB, 0xD8CB, 0xD8CB, 0xD8CB, 0xD8CB, 0xD8CB, 0xD8CB, 0xE0CC, 0xD8CC, 0x0000,
  0x0000, 0xD8EB, 0xD8CB, 0xE0CC, 0xD8CB, 0xD8CB, 0xD8CB, 0xD8CB, 0xD8CB, 0xD8CB, 0xD8CB, 0xD8CB, 0xD8CB, 0xD8CB, 0xD8CB, 0xD8CB,
  0xD8CB, 0xD8CB, 0xD8CB, 0xD8CB, 0xD8CB, 0xD8CB, 0xD8EC, 0xD04A, 0xE352, 0xFFFF, 0xFFFF, 0xFFFF, 0xFFFF, 0xFFFF, 0xFFFF, 0xFFFF,
  0xFFFF, 0xFFFF, 0xFFFF, 0xFFFF, 0xFFFF, 0xFFFF, 0xFFFF, 0xE22F, 0xD86B, 0xD8EC, 0xD8CB, 0xD8CB, 0xD8CB, 0xD8CB, 0xD8CB, 0xD8CB,
  0xD8CB, 0xD8CB, 0xD8CB, 0xD8CB, 0xD8CB, 0xD8CB, 0xD8CB, 0xD8CB, 0xD8CB, 0xD8CB, 0xD8CB, 0xD8CB, 0xD8CC, 0xD8CB, 0xD88B, 0x0000,
  0xF80A, 0x0000, 0xD8CB, 0xE8EC, 0xD8CB, 0xD8CB, 0xD8CB, 0xD8CB, 0xD8CB, 0xD8CB, 0xD8CB, 0xD8CB, 0xD8CB, 0xD8CB, 0xD8CB, 0xD8CB,
  0xD8CB, 0xD8CB, 0xD8CB, 0xD8CB, 0xD8CB, 0xD8CB, 0xD8CB, 0xD8EC, 0xD02A, 0xE352, 0xFFFF, 0xFFFF, 0xFFFF, 0xFFFF, 0xFFFF, 0xFFFF,
  0xFFFF, 0xFFFF, 0xFFFF, 0xFFFF, 0xFFFF, 0xFFFF, 0xFEFC, 0xD8CB, 0xD8CB, 0xD8CB, 0xD8CB, 0xD8CB, 0xD8CB, 0xD8CB, 0xD8CB, 0xD8CB,
  0xD8CB, 0xD8CB, 0xD8CB, 0xD8CB, 0xD8CB, 0xD8CB, 0xD8CB, 0xD8CB, 0xD8CB, 0xD8CB, 0xD8CB, 0xD8CB, 0xE8EC, 0xD8CB, 0x0000, 0xF80A,
  0xF80F, 0x0000, 0xD8CB, 0xD8CC, 0xD8CB, 0xD8CB, 0xD8CB, 0xD8CB, 0xD8CB, 0xD8CB, 0xD8CB, 0xD8CB, 0xD8CB, 0xD8CB, 0xD8CB, 0xD8CB,
  0xD8CB, 0xD8CB, 0xD8CB, 0xD8CB, 0xD8CB, 0xD8CB, 0xD8CB, 0xD8CB, 0xD8EC, 0xD04A, 0xE352, 0xFFFF, 0xFFFF, 0xFFFF, 0xFFFF, 0xFFFF,
  0xFFFF, 0xFFFF, 0xFFFF, 0xFFFF, 0xFFDF, 0xFFFF, 0xE372, 0xD04A, 0xD8EC, 0xD8CB, 0xD8CB, 0xD8CB, 0xD8CB, 0xD8CB, 0xD8CB, 0xD8CB,
  0xD8CB, 0xD8CB, 0xD8CB, 0xD8CB, 0xD8CB, 0xD8CB, 0xD8CB, 0xD8CB, 0xD8CB, 0xD8CB, 0xD8CB, 0xD8CB, 0xD8CC, 0xD8CC, 0x0000, 0xA80A,
  0x0000, 0xF80F, 0x0000, 0xD8CB, 0xE0CC, 0xD8CB, 0xD8CB, 0xD8CB, 0xD8CB, 0xD8CB, 0xD8CB, 0xD8CB, 0xD8CB, 0xD8CB, 0xD8CB, 0xD8CB,
  0xD8CB, 0xD8CB, 0xD8CB, 0xD8CB, 0xD8CB, 0xD8CB, 0xD8CB, 0xD8CB, 0xD8CB, 0xD8EC, 0xD02A, 0xE352, 0xFFFF, 0xFFFF, 0xFFDF, 0xFFFF,
  0xFFFF, 0xFFFF, 0xFFDF, 0xFFFF, 0xFFFF, 0xED17, 0xD06A, 0xD8EC, 0xD8CB, 0xD8CB, 0xD8CB, 0xD8CB, 0xD8CB, 0xD8CB, 0xD8CB, 0xD8CB,
  0xD8CB, 0xD8CB, 0xD8CB, 0xD8CB, 0xD8CB, 0xD8CB, 0xD8CB, 0xD8CB, 0xD8CB, 0xD8CB, 0xD8CB, 0xE0EC, 0xD8CB, 0x0000, 0xF80F, 0x0000,
  0x0000, 0xF80F, 0x0000, 0xD8CB, 0xD8CC, 0xD8CB, 0xD8CB, 0xD8CB, 0xD8CB, 0xD8CB, 0xD8CB, 0xD8CB, 0xD8CB, 0xD8CB, 0xD8CB, 0xD8CB,
  0xD8CB, 0xD8CB, 0xD8CB, 0xD8CB, 0xD8CB, 0xD8CB, 0xD8CB, 0xD8CB, 0xD8CB, 0xD8CB, 0xD8EC, 0xD04A, 0xE2D0, 0xFF1D, 0xFFFF, 0xFFFF,
  0xFFFF, 0xFFFF, 0xFFFF, 0xFFBE, 0xEC55, 0xD88A, 0xD8CB, 0xD8CC, 0xD8CB, 0xD8CB, 0xD8CB, 0xD8CB, 0xD8CB, 0xD8CB, 0xD8CB, 0xD8CB,
  0xD8CB, 0xD8CB, 0xD8CB, 0xD8CB, 0xD8CB, 0xD8CB, 0xD8CB, 0xD8CB, 0xD8CB, 0xD8CB, 0xD8CB, 0xD8CC, 0xD0CB, 0x0000, 0xF80F, 0x0000,
  0x0000, 0x0000, 0xF80F, 0x0000, 0xD8CB, 0xE8EC, 0xD8CB, 0xD8CB, 0xD8CB, 0xD8CB, 0xD8CB, 0xD8CB, 0xD8CB, 0xD8CB, 0xD8CB, 0xD8CB,
  0xD8CB, 0xD8CB, 0xD8CB, 0xD8CB, 0xD8CB, 0xD8CB, 0xD8CB, 0xD8CB, 0xD8CB, 0xD8CB, 0xD8CB, 0xD8EC, 0xD86A, 0xD90C, 0xE393, 0xF598,
  0xF65B, 0xF598, 0xEBF4, 0xD9AD, 0xD04A, 0xD8CC, 0xD8CC, 0xD8CB, 0xD8CB, 0xD8CB, 0xD8CB, 0xD8CB, 0xD8CB, 0xD8CB, 0xD8CB, 0xD8CB,
  0xD8CB, 0xD8CB, 0xD8CB, 0xD8CB, 0xD8CB, 0xD8CB, 0xD8CB, 0xD8CB, 0xD8CB, 0xD8CB, 0xE0EC, 0xD8CB, 0x0000, 0xF80F, 0x0000, 0x0000,
  0x0000, 0x0000, 0x780F, 0xF800, 0xD8CC, 0xD8CB, 0xD8CC, 0xD8CB, 0xD8CB, 0xD8CB, 0xD8CB, 0xD8CB, 0xD8CB, 0xD8CB, 0xD8CB, 0xD8CB,
  0xD8CB, 0xD8CB, 0xD8CB, 0xD8CB, 0xD8CB, 0xD8CB, 0xD8CB, 0xD8CB, 0xD8CB, 0xD8CB, 0xD8CB, 0xD8CB, 0xD8EC, 0xD8AB, 0xD04A, 0xD06A,
  0xD88B, 0xD86A, 0xD04A, 0xD88B, 0xD8EC, 0xD8CB, 0xD8CB, 0xD8CB, 0xD8CB, 0xD8CB, 0xD8CB, 0xD8CB, 0xD8CB, 0xD8CB, 0xD8CB, 0xD8CB,
  0xD8CB, 0xD8CB, 0xD8CB, 0xD8CB, 0xD8CB, 0xD8CB, 0xD8CB, 0xD8CB, 0xD8CB, 0xD8CC, 0xD8CC, 0xD8CC, 0x0000, 0xF80F, 0x0000, 0x0000,
  0x0000, 0x0000, 0x0000, 0xF80F, 0x0000, 0xD8CB, 0xE0CC, 0xD8CB, 0xD8CB, 0xD8CB, 0xD8CB, 0xD8CB, 0xD8CB, 0xD8CB, 0xD8CB, 0xD8CB,
  0xD8CB, 0xD8CB, 0xD8CB, 0xD8CB, 0xD8CB, 0xD8CB, 0xD8CB, 0xD8CB, 0xD8CB, 0xD8CB, 0xD8CB, 0xD8CB, 0xD8CB, 0xD8CC, 0xD8EC, 0xD8EC,
  0xD8CC, 0xD8EC, 0xD8EC, 0xD8EC, 0xD8CB, 0xD8CB, 0xD8CB, 0xD8CB, 0xD8CB, 0xD8CB, 0xD8CB, 0xD8CB, 0xD8CB, 0xD8CB, 0xD8CB, 0xD8CB,
  0xD8CB, 0xD8CB, 0xD8CB, 0xD8CB, 0xD8CB, 0xD8CB, 0xD8CB, 0xD8CB, 0xD8CB, 0xE8EC, 0xD8CB, 0x0000, 0xA80A, 0x0000, 0x0000, 0x0000,
  0x0000, 0x0000, 0x0000, 0x0000, 0xA80A, 0x0000, 0xD8CB, 0xE0CC, 0xD8CB, 0xD8CB, 0xD8CB, 0xD8CB, 0xD8CB, 0xD8CB, 0xD8CB, 0xD8CB,
  0xD8CB, 0xD8CB, 0xD8CB, 0xD8CB, 0xD8CB, 0xD8CB, 0xD8CB, 0xD8CB, 0xD8CB, 0xD8CB, 0xD8CB, 0xD8CB, 0xD8CB, 0xD8CB, 0xD8CB, 0xD8CB,
  0xD8CB, 0xD8CB, 0xD8CB, 0xD8CB, 0xD8CB, 0xD8CB, 0xD8CB, 0xD8CB, 0xD8CB, 0xD8CB, 0xD8CB, 0xD8CB, 0xD8CB, 0xD8CB, 0xD8CB, 0xD8CB,
  0xD8CB, 0xD8CB, 0xD8CB, 0xD8CB, 0xD8CB, 0xD8CB, 0xD8CB, 0xD8CB, 0xE0CC, 0xD8CB, 0xB9EF, 0xA80A, 0xF800, 0x0000, 0x0000, 0x0000,
  0x0000, 0x0000, 0x0000, 0x0000, 0x780F, 0xF800, 0xD8AB, 0xD8CC, 0xE0CC, 0xD8CB, 0xD8CB, 0xD8CB, 0xD8CB, 0xD8CB, 0xD8CB, 0xD8CB,
  0xD8CB, 0xD8CB, 0xD8CB, 0xD8CB, 0xD8CB, 0xD8CB, 0xD8CB, 0xD8CB, 0xD8CB, 0xD8CB, 0xD8CB, 0xD8CB, 0xD8CB, 0xD8CB, 0xD8CB, 0xD8CB,
  0xD8CB, 0xD8CB, 0xD8CB, 0xD8CB, 0xD8CB, 0xD8CB, 0xD8CB, 0xD8CB, 0xD8CB, 0xD8CB, 0xD8CB, 0xD8CB, 0xD8CB, 0xD8CB, 0xD8CB, 0xD8CB,
  0xD8CB, 0xD8CB, 0xD8CB, 0xD8CB, 0xD8CB, 0xD8CB, 0xD8CB, 0xE0CC, 0xD8CC, 0xD8AB, 0x0000, 0xF80F, 0x0000, 0x0000, 0x0000, 0x0000,
  0x0000, 0x0000, 0x0000, 0x0000, 0x0000, 0xA80A, 0x0000, 0xD0CB, 0xD8CC, 0xD8CC, 0xD8CB, 0xD8CB, 0xD8CB, 0xD8CB, 0xD8CB, 0xD8CB,
  0xD8CB, 0xD8CB, 0xD8CB, 0xD8CB, 0xD8CB, 0xD8CB, 0xD8CB, 0xD8CB, 0xD8CB, 0xD8CB, 0xD8CB, 0xD8CB, 0xD8CB, 0xD8CB, 0xD8CB, 0xD8CB,
  0xD8CB, 0xD8CB, 0xD8CB, 0xD8CB, 0xD8CB, 0xD8CB, 0xD8CB, 0xD8CB, 0xD8CB, 0xD8CB, 0xD8CB, 0xD8CB, 0xD8CB, 0xD8CB, 0xD8CB, 0xD8CB,
  0xD8CB, 0xD8CB, 0xD8CB, 0xD8CB, 0xD8CB, 0xD8CB, 0xD8CC, 0xE0CC, 0xD0CB, 0x0000, 0xF80A, 0x0000, 0x0000, 0x0000, 0x0000, 0x0000,
  0x0000, 0x0000, 0x0000, 0x0000, 0x0000, 0x0000, 0xF80A, 0x0000, 0xD0CB, 0xD8CC, 0xD8CC, 0xD8CB, 0xD8CB, 0xD8CB, 0xD8CB, 0xD8CB,
  0xD8CB, 0xD8CB, 0xD8CB, 0xD8CB, 0xD8CB, 0xD8CB, 0xD8CB, 0xD8CB, 0xD8CB, 0xD8CB, 0xD8CB, 0xD8CB, 0xD8CB, 0xD8CB, 0xD8CB, 0xD8CB,
  0xD8CB, 0xD8CB, 0xD8CB, 0xD8CB, 0xD8CB, 0xD8CB, 0xD8CB, 0xD8CB, 0xD8CB, 0xD8CB, 0xD8CB, 0xD8CB, 0xD8CB, 0xD8CB, 0xD8CB, 0xD8CB,
  0xD8CB, 0xD8CB, 0xD8CB, 0xD8CB, 0xD8CB, 0xD8CC, 0xE0CC, 0xD0CB, 0x0000, 0xF80A, 0x0000, 0x0000, 0x0000, 0x0000, 0x0000, 0x0000,
  0x0000, 0x0000, 0x0000, 0x0000, 0x0000, 0x0000, 0x0000, 0xB807, 0x0000, 0xD0CB, 0xD8CC, 0xD8CC, 0xD8CB, 0xD8CB, 0xD8CB, 0xD8CB,
  0xD8CB, 0xD8CB, 0xD8CB, 0xD8CB, 0xD8CB, 0xD8CB, 0xD8CB, 0xD8CB, 0xD8CB, 0xD8CB, 0xD8CB, 0xD8CB, 0xD8CB, 0xD8CB, 0xD8CB, 0xD8CB,
  0xD8CB, 0xD8CB, 0xD8CB, 0xD8CB, 0xD8CB, 0xD8CB, 0xD8CB, 0xD8CB, 0xD8CB, 0xD8CB, 0xD8CB, 0xD8CB, 0xD8CB, 0xD8CB, 0xD8CB, 0xD8CB,
  0xD8CB, 0xD8CB, 0xD8CB, 0xD8CB, 0xD8CC, 0xD8CC, 0xD0CB, 0x0000, 0xB807, 0x0000, 0x0000, 0x0000, 0x0000, 0x0000, 0x0000, 0x0000,
  0x0000, 0x0000, 0x0000, 0x0000, 0x0000, 0x0000, 0x0000, 0x0000, 0xB807, 0x0000, 0xD8CB, 0xD8CC, 0xE0CC, 0xD8CB, 0xD8CB, 0xD8CB,
  0xD8CB, 0xD8CB, 0xD8CB, 0xD8CB, 0xD8CB, 0xD8CB, 0xD8CB, 0xD8CB, 0xD8CB, 0xD8CB, 0xD8CB, 0xD8CB, 0xD8CB, 0xD8CB, 0xD8CB, 0xD8CB,
  0xD8CB, 0xD8CB, 0xD8CB, 0xD8CB, 0xD8CB, 0xD8CB, 0xD8CB, 0xD8CB, 0xD8CB, 0xD8CB, 0xD8CB, 0xD8CB, 0xD8CB, 0xD8CB, 0xD8CB, 0xD8CB,
  0xD8CB, 0xD8CB, 0xD8CB, 0xE0CC, 0xD8CC, 0xD0CB, 0x0000, 0xF80A, 0x0000, 0x0000, 0x0000, 0x0000, 0x0000, 0x0000, 0x0000, 0x0000,
  0x0000, 0x0000, 0x0000, 0x0000, 0x0000, 0x0000, 0x0000, 0x0000, 0x0000, 0xB807, 0x0000, 0xD0CB, 0xD8CC, 0xE0EC, 0xD8CB, 0xD8CB,
  0xD8CB, 0xD8CB, 0xD8CB, 0xD8CB, 0xD8CB, 0xD8CB, 0xD8CB, 0xD8CB, 0xD8CB, 0xD8CB, 0xD8CB, 0xD8CB, 0xD8CB, 0xD8CB, 0xD8CB, 0xD8CB,
  0xD8CB, 0xD8CB, 0xD8CB, 0xD8CB, 0xD8CB, 0xD8CB, 0xD8CB, 0xD8CB, 0xD8CB, 0xD8CB, 0xD8CB, 0xD8CB, 0xD8CB, 0xD8CB, 0xD8CB, 0xD8CB,
  0xD8CB, 0xD8CB, 0xE0EC, 0xD8CC, 0xD8CB, 0x0000, 0xB807, 0x0000, 0x0000, 0x0000, 0x0000, 0x0000, 0x0000, 0x0000, 0x0000, 0x0000,
  0x0000, 0x0000, 0x0000, 0x0000, 0x0000, 0x0000, 0x0000, 0x0000, 0x0000, 0x0000, 0xF80A, 0x0000, 0xD8CB, 0xD8CC, 0xE0EC, 0xD8CC,
  0xD8CB, 0xD8CB, 0xD8CB, 0xD8CB, 0xD8CB, 0xD8CB, 0xD8CB, 0xD8CB, 0xD8CB, 0xD8CB, 0xD8CB, 0xD8CB, 0xD8CB, 0xD8CB, 0xD8CB, 0xD8CB,
  0xD8CB, 0xD8CB, 0xD8CB, 0xD8CB, 0xD8CB, 0xD8CB, 0xD8CB, 0xD8CB, 0xD8CB, 0xD8CB, 0xD8CB, 0xD8CB, 0xD8CB, 0xD8CB, 0xD8CB, 0xD8CB,
  0xD8CC, 0xE0EC, 0xD8CC, 0xD0AA, 0x0000, 0xF80A, 0x0000, 0x0000, 0x0000, 0x0000, 0x0000, 0x0000, 0x0000, 0x0000, 0x0000, 0x0000,
  0x0000, 0x0000, 0x0000, 0x0000, 0x0000, 0x0000, 0x0000, 0x0000, 0x0000, 0x0000, 0x0000, 0xA80A, 0x0000, 0x0000, 0xD8CB, 0xD8CC,
  0xE8EC, 0xD8CB, 0xD8CB, 0xD8CB, 0xD8CB, 0xD8CB, 0xD8CB, 0xD8CB, 0xD8CB, 0xD8CB, 0xD8CB, 0xD8CB, 0xD8CB, 0xD8CB, 0xD8CB, 0xD8CB,
  0xD8CB, 0xD8CB, 0xD8CB, 0xD8CB, 0xD8CB, 0xD8CB, 0xD8CB, 0xD8CB, 0xD8CB, 0xD8CB, 0xD8CB, 0xD8CB, 0xD8CB, 0xD8CB, 0xD8CB, 0xE0EC,
  0xD8CC, 0xD8CC, 0x780F, 0x0000, 0xA80A, 0x0000, 0x0000, 0x0000, 0x0000, 0x0000, 0x0000, 0x0000, 0x0000, 0x0000, 0x0000, 0x0000,
  0x0000, 0x0000, 0x0000, 0x0000, 0x0000, 0x0000, 0x0000, 0x0000, 0x0000, 0x0000, 0x0000, 0x0000, 0x780F, 0xF800, 0x0000, 0xD8AB,
  0xD8CC, 0xD8CC, 0xE0CC, 0xD8CB, 0xD8CB, 0xD8CB, 0xD8CB, 0xD8CB, 0xD8CB, 0xD8CB, 0xD8CB, 0xD8CB, 0xD8CB, 0xD8CB, 0xD8CB, 0xD8CB,
  0xD8CB, 0xD8CB, 0xD8CB, 0xD8CB, 0xD8CB, 0xD8CB, 0xD8CB, 0xD8CB, 0xD8CB, 0xD8CB, 0xD8CB, 0xD8CB, 0xD8CB, 0xE0CC, 0xD8CC, 0xD8CC,
  0xD8CC, 0x0000, 0x0000, 0xF80F, 0x0000, 0x0000, 0x0000, 0x0000, 0x0000, 0x0000, 0x0000, 0x0000, 0x0000, 0x0000, 0x0000, 0x0000,
  0x0000, 0x0000, 0x0000, 0x0000, 0x0000, 0x0000, 0x0000, 0x0000, 0x0000, 0x0000, 0x0000, 0x0000, 0x0000, 0x0000, 0xF80A, 0x0000,
  0x0000, 0xD8CC, 0xD8CC, 0xD8CC, 0xE8EC, 0xE0CC, 0xD8CB, 0xD8CB, 0xD8CB, 0xD8CB, 0xD8CB, 0xD8CB, 0xD8CB, 0xD8CB, 0xD8CB, 0xD8CB,
  0xD8CB, 0xD8CB, 0xD8CB, 0xD8CB, 0xD8CB, 0xD8CB, 0xD8CB, 0xD8CB, 0xD8CB, 0xD8CB, 0xE0CC, 0xE0EC, 0xD8CC, 0xD8CB, 0xD0AB, 0x0000,
  0x0000, 0xF80A, 0x0000, 0x0000, 0x0000, 0x0000, 0x0000, 0x0000, 0x0000, 0x0000, 0x0000, 0x0000, 0x0000, 0x0000, 0x0000, 0x0000,
  0x0000, 0x0000, 0x0000, 0x0000, 0x0000, 0x0000, 0x0000, 0x0000, 0x0000, 0x0000, 0x0000, 0x0000, 0x0000, 0x0000, 0x0000, 0x780F,
  0xF80F, 0x0000, 0x0000, 0xD8CB, 0xD8CB, 0xD8CB, 0xE0CC, 0xE8EC, 0xE0CC, 0xD8CC, 0xD8CB, 0xD8CB, 0xD8CB, 0xD8CB, 0xD8CB, 0xD8CB,
  0xD8CB, 0xD8CB, 0xD8CB, 0xD8CB, 0xD8CB, 0xD8CB, 0xD8CC, 0xE0CC, 0xE8EC, 0xE0CC, 0xD8CC, 0xD8CB, 0xD8CC, 0x0000, 0x0000, 0xF80F,
  0xF80F, 0x0000, 0x0000, 0x0000, 0x0000, 0x0000, 0x0000, 0x0000, 0x0000, 0x0000, 0x0000, 0x0000, 0x0000, 0x0000, 0x0000, 0x0000,
  0x0000, 0x0000, 0x0000, 0x0000, 0x0000, 0x0000, 0x0000, 0x0000, 0x0000, 0x0000, 0x0000, 0x0000, 0x0000, 0x0000, 0x0000, 0x0000,
  0x0000, 0xF80F, 0xF80F, 0x0000, 0x0000, 0xD08C, 0xD8CB, 0xD8CB, 0xD8CB, 0xD8CB, 0xD8CC, 0xE0CC, 0xE0CC, 0xE0CC, 0xE0CC, 0xE0CC,
  0xE0CC, 0xE0CC, 0xE0CC, 0xE0CC, 0xE0CC, 0xD8CC, 0xD8CB, 0xD8CB, 0xD8CB, 0xD8CB, 0xD86B, 0x0000, 0x0000, 0x780F, 0xA80A, 0x0000,
  0x0000, 0x0000, 0x0000, 0x0000, 0x0000, 0x0000, 0x0000, 0x0000, 0x0000, 0x0000, 0x0000, 0x0000, 0x0000, 0x0000, 0x0000, 0x0000,
  0x0000, 0x0000, 0x0000, 0x0000, 0x0000, 0x0000, 0x0000, 0x0000, 0x0000, 0x0000, 0x0000, 0x0000, 0x0000, 0x0000, 0x0000, 0x0000,
  0x0000, 0x0000, 0x0000, 0xF80F, 0xF80A, 0x0000, 0x0000, 0x0000, 0x0000, 0xD0AB, 0xD8CB, 0xD8CB, 0xD8CB, 0xD8CB, 0xD8CB, 0xD8CB,
  0xD8CB, 0xD8CB, 0xD8CB, 0xD8CB, 0xD8CB, 0xD8AB, 0xD8AB, 0xF81F, 0x0000, 0x0000, 0x0000, 0xF80A, 0xF80F, 0x0000, 0x0000, 0x0000,
  0x0000, 0x0000, 0x0000, 0x0000, 0x0000, 0x0000, 0x0000, 0x0000, 0x0000, 0x0000, 0x0000, 0x0000, 0x0000, 0x0000, 0x0000, 0x0000,
};
static const uint8_t LOGO_VELO_LARGE_ALPHA[] PROGMEM = {
  0, 0, 0, 0, 0, 0, 0, 0, 0, 0, 0, 0, 0, 0, 0, 0, 0, 0, 0, 2, 4, 0, 0, 0,
  0, 21, 60, 92, 124, 154, 173, 182, 182, 174, 156, 127, 93, 62, 22, 0, 0, 0, 0, 3, 2, 0, 0, 0,
  0, 0, 0, 0, 0, 0, 0, 0, 0, 0, 0, 0, 0, 0, 0, 0, 0, 0, 0, 0, 0, 0, 0, 0,
  0, 0, 0, 0, 0, 0, 0, 0, 0, 2, 3, 0, 0, 5, 55, 124, 185, 227, 252, 255, 255, 255, 255, 255,
  255, 255, 255, 255, 255, 253, 228, 189, 128, 60, 8, 0, 0, 2, 2, 0, 0, 0, 0, 0, 0, 0, 0, 0,
  0, 0, 0, 0, 0, 0, 0, 0, 0, 0, 0, 0, 0, 0, 0, 0, 0, 0, 0, 0, 0, 0, 0, 1,
  3, 0, 0, 36, 125, 209, 255, 255, 255, 255, 255, 254, 253, 253, 253, 253, 253, 253, 253, 253, 254, 255, 255, 255,
  255, 255, 213, 131, 41, 0, 0, 3, 2, 0, 0, 0, 0, 0, 0, 0, 0, 0, 0, 0, 0, 0, 0, 0,
  0, 0, 0, 0, 0, 0, 0, 0, 0, 0, 0, 0, 0, 0, 3, 0, 0, 46, 156, 242, 255, 255, 255, 251,
  252, 254, 254, 255, 255, 255, 255, 255, 255, 255, 255, 255, 255, 255, 254, 252, 251, 254, 255, 255, 245, 162, 52, 0,
  0, 3, 0, 0, 0, 0, 0, 0, 0, 0, 0, 0, 0, 0, 0, 0, 0, 0, 0, 0, 0, 0, 0, 0,
  0, 0, 0, 0, 1, 2, 0, 26, 147, 245, 255, 255, 252, 253, 255, 255, 255, 255, 255, 255, 255, 255, 255, 255,
  255, 255, 255, 255, 255, 255, 255, 255, 255, 255, 253, 252, 255, 255, 249, 154, 32, 0, 1, 2, 0, 0, 0, 0,
  0, 0, 0, 0, 0, 0, 0, 0, 0, 0, 0, 0, 0, 0, 0, 0, 0, 0, 0, 2, 0, 0, 96, 228,
  255, 255, 252, 254, 255, 255, 255, 255, 255, 255, 255, 255, 255, 255, 255, 255, 255, 255, 255, 255, 255, 255, 255, 255,
  255, 255, 255, 255, 254, 252, 255, 255, 234, 104, 0, 0, 3, 0, 0, 0, 0, 0, 0, 0, 0, 0, 0, 0,
  0, 0, 0, 0, 0, 0, 0, 0, 0, 0, 3, 0, 20, 166, 255, 255, 251, 254, 255, 255, 255, 255, 255, 255,
  255, 255, 255, 255, 255, 255, 255, 255, 255, 255, 255, 255, 255, 255, 255, 255, 255, 255, 255, 255, 255, 255, 254, 252,
  255, 255, 175, 26, 0, 3, 0, 0, 0, 0, 0, 0, 0, 0, 0, 0, 0, 0, 0, 0, 0, 0, 0, 0,
  0, 4, 0, 45, 212, 255, 252, 254, 255, 255, 255, 255, 255, 255, 255, 255, 255, 255, 255, 255, 255, 255, 255, 255,
  255, 255, 255, 255, 255, 255, 255, 255, 255, 255, 255, 255, 255, 255, 255, 255, 254, 252, 255, 220, 55, 0, 4, 0,
  0, 0, 0, 0, 0, 0, 0, 0, 0, 0, 0, 0, 0, 0, 0, 0, 4, 0, 67, 235, 255, 251, 255, 255,
  255, 255, 255, 255, 255, 255, 255, 255, 255, 255, 255, 255, 255, 255, 255, 255, 255, 255, 255, 255, 255, 255, 255, 255,
  255, 255, 255, 255, 255, 255, 255, 255, 255, 255, 251, 255, 243, 79, 0, 4, 0, 0, 0, 0, 0, 0, 0, 0,
  0, 0, 0, 0, 0, 0, 0, 4, 0, 74, 245, 255, 252, 255, 255, 255, 255, 255, 255, 255, 255, 255, 255, 255,
  255, 255, 255, 255, 255, 255, 255, 255, 255, 255, 255, 255, 255, 255, 255, 255, 255, 255, 255, 255, 255, 255, 255, 255,
  255, 255, 255, 252, 255, 250, 86, 0, 4, 0, 0, 0, 0, 0, 0, 0, 0, 0, 0, 0, 0, 0, 3, 0,
  66, 245, 255, 253, 255, 255, 255, 255, 255, 255, 255, 255, 255, 255, 255, 255, 255, 255, 255, 255, 255, 255, 255, 255,
  255, 255, 255, 255, 255, 255, 255, 255, 255, 255, 255, 255, 255, 255, 255, 255, 255, 255, 255, 255, 253, 255, 250, 79,
  0, 3, 0, 0, 0, 0, 0, 0, 0, 0, 0, 0, 0, 2, 0, 44, 238, 255, 253, 255, 255, 255, 255, 255,
  255, 255, 255, 255, 255, 255, 255, 255, 255, 255, 255, 255, 255, 255, 255, 255, 255, 255, 255, 255, 255, 255, 255, 255,
  255, 255, 255, 255, 255, 255, 255, 255, 255, 255, 255, 255, 255, 253, 255, 244, 54, 0, 3, 0, 0, 0, 0, 0,
  0, 0, 0, 0, 1, 2, 18, 214, 255, 252, 255, 255, 255, 255, 255, 255, 255, 255, 255, 255, 255, 255, 255, 255,
  255, 255, 255, 255, 255, 255, 255, 255, 255, 255, 255, 255, 255, 255, 255, 255, 255, 255, 255, 255, 255, 255, 255, 255,
  255, 255, 255, 255, 255, 255, 253, 255, 224, 26, 1, 2, 0, 0, 0, 0, 0, 0, 0, 0, 3, 0, 168, 255,
  251, 255, 255, 255, 255, 255, 255, 255, 255, 255, 255, 255, 255, 255, 255, 255, 255, 255, 255, 255, 255, 255, 255, 255,
  255, 255, 255, 255, 255, 255, 255, 255, 255, 255, 255, 255, 255, 255, 255, 255, 255, 255, 255, 255, 255, 255, 255, 252,
  255, 181, 0, 3, 1, 0, 0, 0, 0, 0, 0, 3, 0, 93, 255, 252, 255, 255, 255, 255, 255, 255, 255, 255,
  255, 255, 255, 255, 255, 255, 255, 255, 255, 255, 255, 255, 255, 255, 255, 255, 255, 255, 255, 255, 255, 255, 255, 255,
  255, 255, 255, 255, 255, 255, 255, 255, 255, 255, 255, 255, 255, 255, 255, 255, 252, 255, 108, 0, 3, 0, 0, 0,
  0, 0, 2, 1, 24, 232, 254, 253, 255, 255, 255, 255, 255, 255, 255, 255, 255, 255, 255, 255, 255, 255, 255, 255,
  255, 255, 255, 255, 255, 255, 255, 255, 255, 255, 255, 255, 255, 255, 255, 255, 255, 255, 255, 255, 255, 255, 255, 255,
  255, 255, 255, 255, 255, 255, 255, 255, 254, 253, 239, 32, 1, 2, 0, 0, 0, 0, 2, 0, 146, 255, 252, 255,
  255, 255, 255, 255, 255, 255, 255, 255, 255, 255, 255, 255, 255, 255, 255, 255, 255, 255, 255, 255, 255, 255, 255, 255,
  255, 255, 255, 255, 255, 255, 255, 255, 255, 255, 255, 255, 255, 255, 255, 255, 255, 255, 255, 255, 255, 255, 255, 255,
  255, 252, 255, 163, 0, 2, 0, 0, 0, 2, 1, 43, 246, 253, 254, 255, 255, 255, 255, 255, 255, 255, 255, 255,
  255, 255, 255, 255, 255, 255, 255, 255, 255, 255, 255, 255, 255, 255, 255, 255, 255, 255, 255, 255, 255, 255, 255, 255,
  255, 255, 255, 255, 255, 255, 255, 255, 255, 255, 255, 255, 255, 255, 255, 255, 255, 254, 253, 251, 56, 0, 2, 0,
  0, 2, 0, 158, 255, 252, 255, 255, 255, 255, 255, 255, 255, 255, 255, 255, 255, 255, 255, 255, 255, 255, 255, 255,
  255, 255, 255, 255, 255, 255, 255, 255, 255, 255, 255, 255, 255, 255, 255, 255, 255, 255, 255, 255, 255, 255, 255, 255,
  255, 255, 255, 255, 255, 255, 255, 255, 255, 255, 252, 255, 173, 0, 2, 0, 2, 0, 33, 243, 254, 254, 255, 255,
  255, 255, 255, 255, 255, 255, 255, 255, 255, 255, 255, 255, 255, 255, 255, 255, 255, 255, 255, 255, 255, 255, 255, 255,
  255, 255, 255, 255, 255, 255, 255, 255, 255, 255, 255, 255, 255, 255, 255, 255, 255, 255, 255, 255, 255, 255, 255, 255,
  255, 255, 255, 254, 248, 45, 0, 3, 4, 0, 126, 255, 252, 255, 255, 255, 255, 255, 255, 255, 255, 255, 255, 255,
  255, 255, 255, 255, 255, 255, 255, 255, 255, 255, 255, 255, 255, 255, 255, 255, 255, 255, 255, 255, 255, 255, 255, 255,
  255, 255, 255, 255, 255, 255, 255, 255, 255, 255, 255, 255, 255, 255, 255, 255, 255, 255, 255, 251, 255, 142, 0, 3,
  0, 6, 212, 255, 253, 255, 255, 255, 255, 255, 255, 255, 255, 255, 255, 255, 255, 255, 255, 255, 255, 255, 255, 255,
  255, 255, 255, 255, 255, 255, 255, 255, 255, 255, 255, 255, 255, 255, 255, 255, 255, 255, 255, 255, 255, 255, 255, 255,
  255, 255, 255, 255, 255, 255, 255, 255, 255, 255, 255, 253, 255, 224, 11, 0, 0, 56, 254, 254, 255, 255, 255, 255,
  255, 255, 255, 255, 255, 255, 255, 255, 255, 255, 255, 255, 255, 255, 255, 255, 255, 255, 255, 255, 255, 255, 255, 255,
  255, 255, 255, 255, 255, 255, 255, 255, 255, 255, 255, 255, 255, 255, 255, 255, 255, 255, 255, 255, 255, 255, 255, 255,
  255, 255, 255, 255, 253, 255, 69, 0, 0, 123, 255, 251, 255, 255, 255, 255, 255, 255, 255, 255, 255, 255, 255, 255,
  255, 255, 255, 255, 255, 255, 255, 255, 255, 255, 255, 255, 255, 255, 255, 255, 255, 255, 255, 255, 255, 255, 255, 255,
  255, 255, 255, 255, 255, 255, 255, 255, 255, 255, 255, 255, 255, 255, 255, 255, 255, 255, 255, 255, 251, 254, 139, 0,
  0, 185, 255, 252, 255, 255, 255, 255, 255, 255, 255, 255, 255, 255, 255, 255, 255, 255, 255, 255, 255, 255, 255, 255,
  255, 255, 255, 255, 255, 255, 255, 255, 255, 255, 255, 255, 255, 255, 255, 255, 255, 255, 255, 255, 255, 255, 255, 255,
  255, 255, 255, 255, 255, 255, 255, 255, 255, 255, 255, 255, 253, 255, 198, 2, 19, 227, 255, 254, 255, 255, 255, 255,
  255, 255, 255, 255, 255, 255, 255, 255, 255, 255, 255, 255, 255, 255, 255, 255, 255, 255, 255, 255, 255, 255, 255, 255,
  255, 255, 255, 255, 255, 255, 255, 255, 255, 255, 255, 255, 255, 255, 255, 255, 255, 255, 255, 255, 255, 255, 255, 255,
  255, 255, 255, 255, 254, 255, 236, 31, 60, 252, 255, 255, 255, 255, 255, 255, 255, 255, 255, 255, 255, 255, 255, 255,
  255, 255, 255, 255, 255, 255, 255, 255, 255, 255, 255, 255, 255, 255, 255, 255, 255, 255, 255, 255, 255, 255, 255, 255,
  255, 255, 255, 255, 255, 255, 255, 255, 255, 255, 255, 255, 255, 255, 255, 255, 255, 255, 255, 255, 255, 255, 255, 73,
  91, 255, 254, 255, 255, 255, 255, 255, 255, 255, 255, 255, 255, 255, 255, 255, 255, 255, 255, 255, 255, 255, 255, 255,
  255, 255, 255, 255, 255, 255, 255, 255, 255, 255, 255, 255, 255, 255, 255, 255, 255, 255, 255, 255, 255, 255, 255, 255,
  255, 255, 255, 255, 255, 255, 255, 255, 255, 255, 255, 255, 255, 253, 255, 105, 124, 255, 253, 255, 255, 255, 255, 255,
  255, 255, 255, 255, 255, 255, 255, 255, 255, 255, 255, 255, 255, 255, 255, 255, 255, 255, 255, 255, 255, 255, 255, 255,
  255, 255, 255, 255, 255, 255, 255, 255, 255, 255, 255, 255, 255, 255, 255, 255, 255, 255, 255, 255, 255, 255, 255, 255,
  255, 255, 255, 255, 255, 253, 255, 145, 155, 255, 253, 255, 255, 255, 255, 255, 255, 255, 255, 255, 255, 255, 255, 255,
  255, 255, 255, 255, 255, 255, 255, 255, 255, 255, 255, 255, 255, 255, 255, 255, 255, 255, 255, 255, 255, 255, 255, 255,
  255, 255, 255, 255, 255, 255, 255, 255, 255, 255, 255, 255, 255, 255, 255, 255, 255, 255, 255, 255, 255, 253, 255, 170,
  173, 255, 253, 255, 255, 255, 255, 255, 255, 255, 255, 255, 255, 255, 255, 255, 255, 255, 255, 255, 255, 255, 255, 255,
  255, 255, 255, 255, 255, 255, 255, 255, 255, 255, 255, 255, 255, 255, 255, 255, 255, 255, 255, 255, 255, 255, 255, 255,
  255, 255, 255, 255, 255, 255, 255, 255, 255, 255, 255, 255, 255, 253, 255, 178, 182, 255, 253, 255, 255, 255, 255, 255,
  255, 255, 255, 255, 255, 255, 255, 255, 255, 255, 255, 255, 255, 255, 255, 255, 255, 255, 255, 255, 255, 255, 255, 255,
  255, 255, 255, 255, 255, 255, 255, 255, 255, 255, 255, 255, 255, 255, 255, 255, 255, 255, 255, 255, 255, 255, 255, 255,
  255, 255, 255, 255, 255, 253, 255, 182, 182, 255, 253, 255, 255, 255, 255, 255, 255, 255, 255, 255, 255, 255, 255, 255,
  255, 255, 255, 255, 255, 255, 255, 255, 255, 255, 255, 255, 255, 255, 255, 255, 255, 255, 255, 255, 255, 255, 255, 255,
  255, 255, 255, 255, 255, 255, 255, 255, 255, 255, 255, 255, 255, 255, 255, 255, 255, 255, 255, 255, 255, 253, 255, 183,
  174, 255, 253, 255, 255, 255, 255, 255, 255, 255, 255, 255, 255, 255, 255, 255, 255, 255, 255, 255, 255, 255, 255, 255,
  255, 255, 255, 255, 255, 255, 255, 255, 255, 255, 255, 255, 255, 255, 255, 255, 255, 255, 255, 255, 255, 255, 255, 255,
  255, 255, 255, 255, 255, 255, 255, 255, 255, 255, 255, 255, 255, 253, 255, 179, 156, 255, 253, 255, 255, 255, 255, 255,
  255, 255, 255, 255, 255, 255, 255, 255, 255, 255, 255, 255, 255, 255, 255, 255, 255, 255, 255, 255, 255, 255, 255, 255,
  255, 255, 255, 255, 255, 255, 255, 255, 255, 255, 255, 255, 255, 255, 255, 255, 255, 255, 255, 255, 255, 255, 255, 255,
  255, 255, 255, 255, 255, 253, 255, 171, 126, 255, 253, 255, 255, 255, 255, 255, 255, 255, 255, 255, 255, 255, 255, 255,
  255, 255, 255, 255, 255, 255, 255, 255, 255, 255, 255, 255, 255, 255, 255, 255, 255, 255, 255, 255, 255, 255, 255, 255,
  255, 255, 255, 255, 255, 255, 255, 255, 255, 255, 255, 255, 255, 255, 255, 255, 255, 255, 255, 255, 255, 253, 255, 148,
  93, 255, 254, 255, 255, 255, 255, 255, 255, 255, 255, 255, 255, 255, 255, 255, 255, 255, 255, 255, 255, 255, 255, 255,
  255, 255, 255, 255, 255, 255, 255, 255, 255, 255, 255, 255, 255, 255, 255, 255, 255, 255, 255, 255, 255, 255, 255, 255,
  255, 255, 255, 255, 255, 255, 255, 255, 255, 255, 255, 255, 255, 253, 255, 108, 62, 253, 255, 255, 255, 255, 255, 255,
  255, 255, 255, 255, 255, 255, 255, 255, 255, 255, 255, 255, 255, 255, 255, 255, 255, 255, 255, 255, 255, 255, 255, 255,
  255, 255, 255, 255, 255, 255, 255, 255, 255, 255, 255, 255, 255, 255, 255, 255, 255, 255, 255, 255, 255, 255, 255, 255,
  255, 255, 255, 255, 255, 255, 255, 75, 21, 229, 255, 254, 255, 255, 255, 255, 255, 255, 255, 255, 255, 255, 255, 255,
  255, 255, 255, 255, 255, 255, 255, 255, 255, 255, 255, 255, 255, 255, 255, 255, 255, 255, 255, 255, 255, 255, 255, 255,
  255, 255, 255, 255, 255, 255, 255, 255, 255, 255, 255, 255, 255, 255, 255, 255, 255, 255, 255, 255, 254, 255, 238, 33,
  1, 189, 255, 252, 255, 255, 255, 255, 255, 255, 255, 255, 255, 255, 255, 255, 255, 255, 255, 255, 255, 255, 255, 255,
  255, 255, 255, 255, 255, 255, 255, 255, 255, 255, 255, 255, 255, 255, 255, 255, 255, 255, 255, 255, 255, 255, 255, 255,
  255, 255, 255, 255, 255, 255, 255, 255, 255, 255, 255, 255, 253, 255, 202, 3, 0, 128, 255, 251, 255, 255, 255, 255,
  255, 255, 255, 255, 255, 255, 255, 255, 255, 255, 255, 255, 255, 255, 255, 255, 255, 255, 255, 255, 255, 255, 255, 255,
  255, 255, 255, 255, 255, 255, 255, 255, 255, 255, 255, 255, 255, 255, 255, 255, 255, 255, 255, 255, 255, 255, 255, 255,
  255, 255, 255, 255, 251, 254, 143, 0, 0, 60, 255, 254, 255, 255, 255, 255, 255, 255, 255, 255, 255, 255, 255, 255,
  255, 255, 255, 255, 255, 255, 255, 255, 255, 255, 255, 255, 255, 255, 255, 255, 255, 255, 255, 255, 255, 255, 255, 255,
  255, 255, 255, 255, 255, 255, 255, 255, 255, 255, 255, 255, 255, 255, 255, 255, 255, 255, 255, 255, 253, 255, 74, 0,
  0, 8, 216, 255, 253, 255, 255, 255, 255, 255, 255, 255, 255, 255, 255, 255, 255, 255, 255, 255, 255, 255, 255, 255,
  255, 255, 255, 255, 255, 255, 255, 255, 255, 255, 255, 255, 255, 255, 255, 255, 255, 255, 255, 255, 255, 255, 255, 255,
  255, 255, 255, 255, 255, 255, 255, 255, 255, 255, 255, 253, 255, 228, 14, 0, 3, 0, 132, 255, 252, 255, 255, 255,
  255, 255, 255, 255, 255, 255, 255, 255, 255, 255, 255, 255, 255, 255, 255, 255, 255, 255, 255, 255, 255, 255, 255, 255,
  255, 255, 255, 255, 255, 255, 255, 255, 255, 255, 255, 255, 255, 255, 255, 255, 255, 255, 255, 255, 255, 255, 255, 255,
  255, 255, 255, 252, 255, 147, 0, 3, 2, 0, 38, 245, 254, 254, 255, 255, 255, 255, 255, 255, 255, 255, 255, 255,
  255, 255, 255, 255, 255, 255, 255, 255, 255, 255, 255, 255, 255, 255, 255, 255, 255, 255, 255, 255, 255, 255, 255, 255,
  255, 255, 255, 255, 255, 255, 255, 255, 255, 255, 255, 255, 255, 255, 255, 255, 255, 255, 255, 254, 250, 50, 0, 3,
  0, 2, 0, 166, 255, 252, 255, 255, 255, 255, 255, 255, 255, 255, 255, 255, 255, 255, 255, 255, 255, 255, 255, 255,
  255, 255, 255, 255, 255, 255, 255, 255, 255, 255, 255, 255, 255, 255, 255, 255, 255, 255, 255, 255, 255, 255, 255, 255,
  255, 255, 255, 255, 255, 255, 255, 255, 255, 255, 252, 255, 180, 0, 2, 0, 0, 2, 0, 49, 249, 253, 254, 255,
  255, 255, 255, 255, 255, 255, 255, 255, 255, 255, 255, 255, 255, 255, 255, 255, 255, 255, 255, 255, 255, 255, 255, 255,
  255, 255, 255, 255, 255, 255, 255, 255, 255, 255, 255, 255, 255, 255, 255, 255, 255, 255, 255, 255, 255, 255, 255, 255,
  255, 255, 253, 253, 63, 0, 2, 0, 0, 0, 2, 0, 155, 255, 252, 255, 255, 255, 255, 255, 255, 255, 255, 255,
  255, 255, 255, 255, 255, 255, 255, 255, 255, 255, 255, 255, 255, 255, 255, 255, 255, 255, 255, 255, 255, 255, 255, 255,
  255, 255, 255, 255, 255, 255, 255, 255, 255, 255, 255, 255, 255, 255, 255, 255, 255, 252, 255, 172, 0, 2, 0, 0,
  0, 0, 2, 1, 28, 237, 254, 254, 255, 255, 255, 255, 255, 255, 255, 255, 255, 255, 255, 255, 255, 255, 255, 255,
  255, 255, 255, 255, 255, 255, 255, 255, 255, 255, 255, 255, 255, 255, 255, 255, 255, 255, 255, 255, 255, 255, 255, 255,
  255, 255, 255, 255, 255, 255, 255, 255, 254, 253, 244, 39, 0, 2, 0, 0, 0, 0, 0, 2, 0, 103, 255, 252,
  255, 255, 255, 255, 255, 255, 255, 255, 255, 255, 255, 255, 255, 255, 255, 255, 255, 255, 255, 255, 255, 255, 255, 255,
  255, 255, 255, 255, 255, 255, 255, 255, 255, 255, 255, 255, 255, 255, 255, 255, 255, 255, 255, 255, 255, 255, 255, 255,
  251, 255, 118, 0, 3, 0, 0, 0, 0, 0, 0, 1, 3, 0, 179, 255, 252, 255, 255, 255, 255, 255, 255, 255,
  255, 255, 255, 255, 255, 255, 255, 255, 255, 255, 255, 255, 255, 255, 255, 255, 255, 255, 255, 255, 255, 255, 255, 255,
  255, 255, 255, 255, 255, 255, 255, 255, 255, 255, 255, 255, 255, 255, 255, 252, 255, 190, 4, 3, 1, 0, 0, 0,
  0, 0, 0, 0, 2, 1, 24, 221, 255, 253, 255, 255, 255, 255, 255, 255, 255, 255, 255, 255, 255, 255, 255, 255,
  255, 255, 255, 255, 255, 255, 255, 255, 255, 255, 255, 255, 255, 255, 255, 255, 255, 255, 255, 255, 255, 255, 255, 255,
  255, 255, 255, 255, 255, 255, 253, 255, 231, 32, 0, 2, 0, 0, 0, 0, 0, 0, 0, 0, 0, 3, 0, 53,
  243, 255, 253, 255, 255, 255, 255, 255, 255, 255, 255, 255, 255, 255, 255, 255, 255, 255, 255, 255, 255, 255, 255, 255,
  255, 255, 255, 255, 255, 255, 255, 255, 255, 255, 255, 255, 255, 255, 255, 255, 255, 255, 255, 255, 255, 253, 254, 248,
  65, 0, 3, 0, 0, 0, 0, 0, 0, 0, 0, 0, 0, 0, 3, 0, 77, 250, 255, 253, 255, 255, 255, 255,
  255, 255, 255, 255, 255, 255, 255, 255, 255, 255, 255, 255, 255, 255, 255, 255, 255, 255, 255, 255, 255, 255, 255, 255,
  255, 255, 255, 255, 255, 255, 255, 255, 255, 255, 255, 255, 253, 254, 255, 91, 0, 3, 0, 0, 0, 0, 0, 0,
  0, 0, 0, 0, 0, 0, 0, 4, 0, 87, 250, 255, 252, 255, 255, 255, 255, 255, 255, 255, 255, 255, 255, 255,
  255, 255, 255, 255, 255, 255, 255, 255, 255, 255, 255, 255, 255, 255, 255, 255, 255, 255, 255, 255, 255, 255, 255, 255,
  255, 255, 255, 253, 255, 254, 99, 0, 4, 0, 0, 0, 0, 0, 0, 0, 0, 0, 0, 0, 0, 0, 0, 0,
  4, 0, 79, 244, 255, 251, 255, 255, 255, 255, 255, 255, 255, 255, 255, 255, 255, 255, 255, 255, 255, 255, 255, 255,
  255, 255, 255, 255, 255, 255, 255, 255, 255, 255, 255, 255, 255, 255, 255, 255, 255, 255, 251, 255, 249, 91, 0, 3,
  0, 0, 0, 0, 0, 0, 0, 0, 0, 0, 0, 0, 0, 0, 0, 0, 0, 4, 0, 58, 222, 255, 251, 254,
  255, 255, 255, 255, 255, 255, 255, 255, 255, 255, 255, 255, 255, 255, 255, 255, 255, 255, 255, 255, 255, 255, 255, 255,
  255, 255, 255, 255, 255, 255, 255, 255, 254, 252, 255, 228, 68, 0, 4, 0, 0, 0, 0, 0, 0, 0, 0, 0,
  0, 0, 0, 0, 0, 0, 0, 0, 0, 0, 3, 0, 28, 177, 255, 255, 252, 255, 255, 255, 255, 255, 255, 255,
  255, 255, 255, 255, 255, 255, 255, 255, 255, 255, 255, 255, 255, 255, 255, 255, 255, 255, 255, 255, 255, 255, 255, 252,
  255, 255, 186, 35, 0, 3, 0, 0, 0, 0, 0, 0, 0, 0, 0, 0, 0, 0, 0, 0, 0, 0, 0, 0,
  0, 0, 0, 3, 0, 0, 109, 237, 255, 255, 252, 254, 255, 255, 255, 255, 255, 255, 255, 255, 255, 255, 255, 255,
  255, 255, 255, 255, 255, 255, 255, 255, 255, 255, 255, 255, 254, 252, 254, 255, 243, 119, 2, 0, 3, 0, 0, 0,
  0, 0, 0, 0, 0, 0, 0, 0, 0, 0, 0, 0, 0, 0, 0, 0, 0, 0, 0, 0, 2, 1, 0, 35,
  161, 252, 255, 255, 252, 253, 255, 255, 255, 255, 255, 255, 255, 255, 255, 255, 255, 255, 255, 255, 255, 255, 255, 255,
  255, 255, 253, 252, 255, 255, 255, 169, 42, 0, 1, 2, 0, 0, 0, 0, 0, 0, 0, 0, 0, 0, 0, 0,
  0, 0, 0, 0, 0, 0, 0, 0, 0, 0, 0, 0, 0, 0, 3, 0, 0, 58, 170, 249, 255, 255, 254, 251,
  253, 254, 255, 255, 255, 255, 255, 255, 255, 255, 255, 255, 255, 255, 254, 253, 251, 253, 255, 255, 252, 178, 65, 0,
  0, 3, 1, 0, 0, 0, 0, 0, 0, 0, 0, 0, 0, 0, 0, 0, 0, 0, 0, 0, 0, 0, 0, 0,
  0, 0, 0, 0, 0, 0, 0, 2, 2, 0, 0, 47, 141, 221, 255, 255, 255, 255, 255, 253, 253, 253, 253, 253,
  253, 253, 253, 253, 253, 255, 255, 255, 255, 255, 225, 147, 53, 0, 0, 2, 2, 0, 0, 0, 0, 0, 0, 0,
  0, 0, 0, 0, 0, 0, 0, 0, 0, 0, 0, 0, 0, 0, 0, 0, 0, 0, 0, 0, 0, 0, 0, 0,
  0, 2, 2, 0, 0, 13, 70, 139, 198, 236, 255, 255, 255, 255, 255, 255, 255, 255, 255, 255, 255, 255, 238, 201,
  143, 74, 16, 0, 0, 2, 3, 0, 0, 0, 0, 0, 0, 0, 0, 0, 0, 0, 0, 0, 0, 0, 0, 0,
  0, 0, 0, 0, 0, 0, 0, 0, 0, 0, 0, 0, 0, 0, 0, 0, 0, 0, 0, 2, 3, 0, 0, 0,
  0, 32, 73, 106, 145, 170, 178, 182, 183, 178, 170, 147, 108, 75, 34, 1, 0, 0, 0, 3, 2, 0, 0, 0,
  0, 0, 0, 0, 0, 0, 0, 0, 0, 0, 0, 0, 0, 0, 0, 0,
};

static const uint16_t LOGO_VELO_MEDIUM_RGB[] PROGMEM = {
  0x0000, 0x0000, 0x0000, 0x0000, 0x0000, 0x0000, 0x0000, 0xF80A, 0x0000, 0x0000, 0x0000, 0xE0CC, 0xD8CC, 0xD8CC, 0xD8CB, 0xD8CB,
  0xD8CB, 0xD8CB, 0xD8CC, 0xE0CC, 0xD8CB, 0x0000, 0x0000, 0x0000, 0xF80A, 0x0000, 0x0000, 0x0000, 0x0000, 0x0000, 0x0000, 0x0000,
  0x0000, 0x0000, 0x0000, 0x0000, 0x0000, 0xF800, 0xF80F, 0x0000, 0xC88B, 0xD8CC, 0xD8CC, 0xD8CC, 0xE0CC, 0xE0CC, 0xE0CC, 0xD8CC,
  0xD8CC, 0xE0CC, 0xE0CC, 0xE0CC, 0xD8CC, 0xD8CC, 0xE0CC, 0xC86B, 0x0000, 0xF80F, 0xF800, 0x0000, 0x0000, 0x0000, 0x0000, 0x0000,
  0x0000, 0x0000, 0x0000, 0x0000, 0x780F, 0x0000, 0x0000, 0xD8EB, 0xE0CC, 0xE8EC, 0xE0CC, 0xD8CB, 0xD8CB, 0xD8CB, 0xD8CB, 0xD8CB,
  0xD8CB, 0xD8CB, 0xD8CB, 0xD8CB, 0xD8CB, 0xE0CC, 0xE8EC, 0xE0CC, 0xD8CC, 0x0000, 0x0000, 0xF80F, 0x0000, 0x0000, 0x0000, 0x0000,
  0x0000, 0x0000, 0x0000, 0xF80F, 0x0000, 0xC0EA, 0xD8CC, 0xE0EC, 0xE0CC, 0xD8CB, 0xD8CB, 0xD8CB, 0xD8CB, 0xD8CB, 0xD8CB, 0xD8CB,
  0xD8CB, 0xD8CB, 0xD8CB, 0xD8CB, 0xD8CB, 0xD8CB, 0xD8CB, 0xE0CC, 0xE8EC, 0xD8CC, 0xD0AA, 0x0000, 0xF80F, 0x0000, 0x0000, 0x0000,
  0x0000, 0x0000, 0x7800, 0x0000, 0xD0EC, 0xD8CC, 0xE8EC, 0xD8CB, 0xD8CB, 0xD8CB, 0xD8CB, 0xD8CB, 0xD8CB, 0xD8CB, 0xD8CB, 0xD8CB,
  0xD8CB, 0xD8CB, 0xD8CB, 0xD8CB, 0xD8CB, 0xD8CB, 0xD8CB, 0xD8CB, 0xD8CB, 0xE8EC, 0xE0CC, 0xD0AB, 0x0000, 0x780F, 0x0000, 0x0000,
  0x0000, 0xF800, 0xF80F, 0xC8CC, 0xD8CC, 0xE8EC, 0xD8CB, 0xD8CB, 0xD8CB, 0xD8CB, 0xD8CB, 0xD8CB, 0xD8CB, 0xD8CB, 0xD8CB, 0xD8CB,
  0xD8CB, 0xD8CB, 0xD8CB, 0xD8CB, 0xD8CB, 0xD8CB, 0xD8CB, 0xD8CB, 0xD8CB, 0xD8CB, 0xE8EC, 0xD8CC, 0xD08C, 0xF80F, 0xF800, 0x0000,
  0x0000, 0xA80A, 0x0000, 0xD8CC, 0xE8EC, 0xD8CB, 0xD8CB, 0xD8CB, 0xD8CB, 0xD8CB, 0xD8CB, 0xD8CB, 0xD8CB, 0xD8CB, 0xD8CB, 0xD8CB,
  0xD8CB, 0xD8CB, 0xD8CB, 0xD8CB, 0xD8CB, 0xD8CB, 0xD8CB, 0xD8CB, 0xD8CB, 0xD8CB, 0xD8CB, 0xE8EC, 0xD8CB, 0x0000, 0xA80A, 0x0000,
  0xF80A, 0x0000, 0xD8CC, 0xE8EC, 0xD8CB, 0xD8CB, 0xD8CB, 0xD8CB, 0xD8CB, 0xD8CC, 0xD8CB, 0xD8CB, 0xD8CB, 0xD8CB, 0xD8CB, 0xD8CB,
  0xD8CB, 0xD8CB, 0xD8CB, 0xD8CB, 0xD8CB, 0xD8CB, 0xD8CC, 0xD8CC, 0xD8CB, 0xD8CB, 0xD8CB, 0xD8CB, 0xE8EC, 0xD8CB, 0x0000, 0xF80A,
  0xF800, 0xD08C, 0xD8CB, 0xE0CC, 0xD8CB, 0xD8CB, 0xD8CB, 0xD8EC, 0xD8CB, 0xD8AB, 0xD8EC, 0xD8EC, 0xD8CB, 0xD8CB, 0xD8CB, 0xD8CB,
  0xD8CB, 0xD8CB, 0xD8CB, 0xD8CB, 0xD8CC, 0xD8EC, 0xD8AB, 0xD8AB, 0xD8EC, 0xD8CC, 0xD8CB, 0xD8CB, 0xD8CC, 0xD8CB, 0xD86B, 0xF800,
  0x0000, 0xD8CC, 0xE8EC, 0xD8CB, 0xD8CB, 0xD8CC, 0xD8CB, 0xD86A, 0xD90C, 0xD94D, 0xD88A, 0xD8AB, 0xD8EC, 0xD8CB, 0xD8CB, 0xD8CB,
  0xD8CB, 0xD8CB, 0xD8CB, 0xD8EC, 0xD8AB, 0xD86A, 0xD92C, 0xD90C, 0xD86A, 0xD8CB, 0xD8CC, 0xD8CB, 0xD8CB, 0xE8EC, 0xD8CC, 0x0000,
  0xB80F, 0xD8CC, 0xE0CC, 0xD8CB, 0xD8CB, 0xD8CB, 0xD8EB, 0xECB6, 0xFF3D, 0xFF7E, 0xF5B9, 0xD96D, 0xD88B, 0xD8EC, 0xD8CB, 0xD8CB,
  0xD8CB, 0xD8CB, 0xD8EC, 0xD8AB, 0xD94D, 0xF558, 0xFF5D, 0xFF3D, 0xECF7, 0xD90C, 0xD8AB, 0xD8CC, 0xD8CB, 0xE0CC, 0xD8CB, 0xD14A,
  0xD8CC, 0xD8CC, 0xD8CB, 0xD8CB, 0xD8EC, 0xD86A, 0xF558, 0xFFFF, 0xFFFF, 0xFFFF, 0xFFFF, 0xFF1D, 0xD98D, 0xD86B, 0xD8EC, 0xD8CB,
  0xD8CB, 0xD8CB, 0xD8CB, 0xD8CB, 0xF67B, 0xFFFF, 0xFFFF, 0xFFFF, 0xFFFF, 0xF5B9, 0xD88B, 0xD8EC, 0xD8CB, 0xD8CB, 0xD8CC, 0xD8CB,
  0xD8CB, 0xE0CC, 0xD8CB, 0xD8EC, 0xD88B, 0xD9CE, 0xFFFF, 0xFFFF, 0xFFFF, 0xFFFF, 0xFFDF, 0xFFFF, 0xFF1D, 0xD98D, 0xD86B, 0xD8EC,
  0xD8CB, 0xD8EC, 0xD86A, 0xE2F1, 0xFFFF, 0xFFDF, 0xFFFF, 0xFFFF, 0xFFDF, 0xFFFF, 0xE20F, 0xD88B, 0xD8EC, 0xD8CB, 0xE0CC, 0xD8CB,
  0xD8CC, 0xE0CC, 0xD8CB, 0xD8EC, 0xD86B, 0xE250, 0xFFFF, 0xFFFF, 0xFFFF, 0xFFFF, 0xFFFF, 0xFFFF, 0xFFFF, 0xFF1D, 0xD98D, 0xD86B,
  0xD8EC, 0xD8EC, 0xD04A, 0xEBB3, 0xFFFF, 0xFFFF, 0xFFFF, 0xFFFF, 0xFFFF, 0xFFFF, 0xE2B1, 0xD86A, 0xD8EC, 0xD8CB, 0xE0CC, 0xD8CC,
  0xD8CB, 0xE0CC, 0xD8CB, 0xD8CB, 0xD8AB, 0xD92C, 0xFF7E, 0xFFFF, 0xFFFF, 0xFFFF, 0xFFFF, 0xFFFF, 0xFFFF, 0xFFFF, 0xFF1D, 0xD98D,
  0xD86B, 0xD90C, 0xD88B, 0xE22F, 0xFFFF, 0xFFFF, 0xFFDF, 0xFFDF, 0xFFFF, 0xFFBF, 0xD96D, 0xD8AB, 0xD8CC, 0xD8CB, 0xE0CC, 0xD8CB,
  0xD8CB, 0xD8CC, 0xD8CB, 0xD8CB, 0xD8EC, 0xD86A, 0xE373, 0xFFFF, 0xFFFF, 0xFFFF, 0xFFFF, 0xFFFF, 0xFFFF, 0xFFFF, 0xFFFF, 0xFF1D,
  0xD98D, 0xD88B, 0xD90C, 0xD86A, 0xEC96, 0xFFFF, 0xFFFF, 0xFFFF, 0xFFFF, 0xEBD3, 0xD86A, 0xD8EC, 0xD8CB, 0xD8CB, 0xD8CC, 0xD8CC,
  0xD8CB, 0xD8CC, 0xD8CB, 0xD8CB, 0xD8CB, 0xD8EC, 0xD04A, 0xEBD3, 0xFFFF, 0xFFFF, 0xFFFF, 0xFFFF, 0xFFFF, 0xFFFF, 0xFFFF, 0xFFFF,
  0xFF1D, 0xD98D, 0xD88B, 0xD8EC, 0xD88B, 0xE311, 0xF558, 0xF517, 0xE290, 0xD86A, 0xD8CC, 0xD8CB, 0xD8CB, 0xD8CB, 0xD8CC, 0xD8CC,
  0xD8CB, 0xE0CC, 0xD8CB, 0xD8CB, 0xD8CB, 0xD8CB, 0xD8EC, 0xD04A, 0xEBD3, 0xFFFF, 0xFFFF, 0xFFFF, 0xFFFF, 0xFFFF, 0xFFFF, 0xFFFF,
  0xFFFF, 0xFF1D, 0xD98D, 0xD88B, 0xD8EC, 0xD86A, 0xD04A, 0xD04A, 0xD86A, 0xD8EC, 0xD8CB, 0xD8CB, 0xD8CB, 0xD8CB, 0xE0CC, 0xD8CB,
  0xD8CB, 0xE0CC, 0xD8CB, 0xD8CB, 0xD8CB, 0xD8CB, 0xD8CB, 0xD8EC, 0xD04A, 0xEBD3, 0xFFFF, 0xFFFF, 0xFFFF, 0xFFFF, 0xFFFF, 0xFFFF,
  0xFFFF, 0xFFFF, 0xFEFC, 0xD92C, 0xD8AB, 0xD8EC, 0xD8EC, 0xD8EC, 0xD8EC, 0xD8CB, 0xD8CB, 0xD8CB, 0xD8CB, 0xD8CB, 0xE0CC, 0xD8CB,
  0xD8CC, 0xE0CC, 0xD8CB, 0xD8CB, 0xD8CB, 0xD8CB, 0xD8CB, 0xD8CB, 0xD8EC, 0xD04A, 0xEBD3, 0xFFFF, 0xFFFF, 0xFFFF, 0xFFFF, 0xFFFF,
  0xFFFF, 0xFFDF, 0xFFFF, 0xEC35, 0xD04A, 0xD8EC, 0xD8CB, 0xD8CB, 0xD8CB, 0xD8CB, 0xD8CB, 0xD8CB, 0xD8CB, 0xD8CB, 0xE0CC, 0xD8CC,
  0xD8CC, 0xD8CC, 0xD8CB, 0xD8CB, 0xD8CB, 0xD8CB, 0xD8CB, 0xD8CB, 0xD8CB, 0xD8EC, 0xD04A, 0xEBD3, 0xFFFF, 0xFFFF, 0xFFFF, 0xFFFF,
  0xFFFF, 0xFFFF, 0xFFFF, 0xF599, 0xD86A, 0xD8EC, 0xD8CB, 0xD8CB, 0xD8CB, 0xD8CB, 0xD8CB, 0xD8CB, 0xD8CB, 0xD8CB, 0xD8CC, 0xD8CC,
  0xF9EF, 0xD8CB, 0xE0CC, 0xD8CB, 0xD8CB, 0xD8CB, 0xD8CB, 0xD8CB, 0xD8CB, 0xD8CB, 0xD8EC, 0xD04A, 0xEBD3, 0xFFFF, 0xFFFF, 0xFFFF,
  0xFFFF, 0xFFDF, 0xFFFF, 0xEC96, 0xD04A, 0xD8EC, 0xD8CB, 0xD8CB, 0xD8CB, 0xD8CB, 0xD8CB, 0xD8CB, 0xD8CB, 0xE0CC, 0xD8CB, 0xD92D,
  0x0000, 0xD8CB, 0xE8EC, 0xD8CB, 0xD8CB, 0xD8CB, 0xD8CB, 0xD8CB, 0xD8CB, 0xD8CB, 0xD8CB, 0xD8EC, 0xD04A, 0xEBD3, 0xFFFF, 0xFFFF,
  0xFFFF, 0xFFFF, 0xFF3D, 0xD96D, 0xD8AB, 0xD8CC, 0xD8CB, 0xD8CB, 0xD8CB, 0xD8CB, 0xD8CB, 0xD8CB, 0xD8CB, 0xE8EC, 0xD8CB, 0x0000,
  0xF800, 0xD88C, 0xD8CB, 0xE0CC, 0xD8CB, 0xD8CB, 0xD8CB, 0xD8CB, 0xD8CB, 0xD8CB, 0xD8CB, 0xD8CB, 0xD8EC, 0xD86A, 0xE2F1, 0xF61A,
  0xFEBC, 0xF537, 0xD9AD, 0xD88B, 0xD8EC, 0xD8CB, 0xD8CB, 0xD8CB, 0xD8CB, 0xD8CB, 0xD8CB, 0xD8CB, 0xE0CC, 0xD8CC, 0xD0CB, 0xF800,
  0xF80A, 0x0000, 0xD8CC, 0xE8EC, 0xD8CB, 0xD8CB, 0xD8CB, 0xD8CB, 0xD8CB, 0xD8CB, 0xD8CB, 0xD8CB, 0xD8CB, 0xD8EC, 0xD86A, 0xD88B,
  0xD8CB, 0xD86A, 0xD8AB, 0xD8EC, 0xD8CB, 0xD8CB, 0xD8CB, 0xD8CB, 0xD8CB, 0xD8CB, 0xD8CB, 0xD8CB, 0xE8EC, 0xD8CB, 0x0000, 0xF80A,
  0x0000, 0xA80A, 0x0000, 0xD8CC, 0xE8EC, 0xD8CB, 0xD8CB, 0xD8CB, 0xD8CB, 0xD8CB, 0xD8CB, 0xD8CB, 0xD8CB, 0xD8CB, 0xD8EC, 0xD8EC,
  0xD8CB, 0xD8EC, 0xD8EC, 0xD8CB, 0xD8CB, 0xD8CB, 0xD8CB, 0xD8CB, 0xD8CB, 0xD8CB, 0xD8CB, 0xE8EC, 0xD8CB, 0x0000, 0xF80A, 0x0000,
  0x0000, 0xF800, 0xF80F, 0xE8AD, 0xD8CC, 0xE8EC, 0xD8CB, 0xD8CB, 0xD8CB, 0xD8CB, 0xD8CB, 0xD8CB, 0xD8CB, 0xD8CB, 0xD8CB, 0xD8CB,
  0xD8CB, 0xD8CB, 0xD8CB, 0xD8CB, 0xD8CB, 0xD8CB, 0xD8CB, 0xD8CB, 0xD8CB, 0xD8CB, 0xE0EC, 0xD8CC, 0xE90C, 0x7800, 0xF800, 0x0000,
  0x0000, 0x0000, 0x780F, 0x0000, 0xD0AB, 0xE0CC, 0xE8EC, 0xD8CB, 0xD8CB, 0xD8CB, 0xD8CB, 0xD8CB, 0xD8CB, 0xD8CB, 0xD8CB, 0xD8CB,
  0xD8CB, 0xD8CB, 0xD8CB, 0xD8CB, 0xD8CB, 0xD8CB, 0xD8CB, 0xD8CB, 0xD8CB, 0xE8EC, 0xD8CC, 0xE0EB, 0x0000, 0x780F, 0x0000, 0x0000,
  0x0000, 0x0000, 0x0000, 0xF80F, 0x0000, 0xD08C, 0xD8CC, 0xE8EC, 0xD8CC, 0xD8CB, 0xD8CB, 0xD8CB, 0xD8CB, 0xD8CB, 0xD8CB, 0xD8CB,
  0xD8CB, 0xD8CB, 0xD8CB, 0xD8CB, 0xD8CB, 0xD8CB, 0xD8CB, 0xD8CC, 0xE8EC, 0xD8CC, 0xD8EB, 0x0000, 0xF80F, 0x0000, 0x0000, 0x0000,
  0x0000, 0x0000, 0x0000, 0x0000, 0xF80F, 0x0000, 0x0000, 0xD8CC, 0xE0CC, 0xE8EC, 0xE0CC, 0xD8CB, 0xD8CB, 0xD8CB, 0xD8CB, 0xD8CB,
  0xD8CB, 0xD8CB, 0xD8CB, 0xD8CB, 0xD8CB, 0xE0CC, 0xE8EC, 0xD8CC, 0xD8CC, 0x0000, 0x0000, 0xF80F, 0x0000, 0x0000, 0x0000, 0x0000,
  0x0000, 0x0000, 0x0000, 0x0000, 0x0000, 0xF800, 0xF80F, 0x0000, 0xD0EA, 0xD8CC, 0xD8CC, 0xD8CC, 0xE0CC, 0xE0CC, 0xE0CC, 0xD8CC,
  0xD8CC, 0xE0CC, 0xE0CC, 0xE0CC, 0xD8CC, 0xD8CC, 0xD8CC, 0xD8CB, 0x0000, 0x780F, 0xF800, 0x0000, 0x0000, 0x0000, 0x0000, 0x0000,
  0x0000, 0x0000, 0x0000, 0x0000, 0x0000, 0x0000, 0x0000, 0xF80A, 0x0000, 0x0000, 0xB807, 0xE0CC, 0xE0CC, 0xD8CC, 0xD8CB, 0xD8CB,
  0xD8CC, 0xD8CB, 0xD8CC, 0xD8CC, 0xD8CC, 0xC80C, 0x0000, 0x0000, 0xF80A, 0x0000, 0x0000, 0x0000, 0x0000, 0x0000, 0x0000, 0x0000,
};
static const uint8_t LOGO_VELO_MEDIUM_ALPHA[] PROGMEM = {
  0, 0, 0, 0, 0, 0, 0, 3, 0, 0, 0, 53, 118, 168, 202, 222, 222, 203, 170, 119, 56, 1, 0, 0,
  3, 0, 0, 0, 0, 0, 0, 0, 0, 0, 0, 0, 0, 1, 2, 0, 14, 108, 201, 251, 255, 255, 255, 255,
  255, 255, 255, 255, 252, 203, 111, 16, 0, 2, 1, 0, 0, 0, 0, 0, 0, 0, 0, 0, 2, 0, 0, 91,
  220, 255, 255, 255, 253, 253, 253, 254, 254, 253, 253, 253, 255, 255, 255, 223, 95, 0, 0, 2, 0, 0, 0, 0,
  0, 0, 0, 2, 0, 9, 160, 255, 255, 251, 253, 255, 255, 255, 255, 255, 255, 255, 255, 255, 255, 253, 251, 255,
  255, 165, 12, 0, 2, 0, 0, 0, 0, 0, 2, 0, 18, 194, 255, 252, 253, 255, 255, 255, 255, 255, 255, 255,
  255, 255, 255, 255, 255, 255, 255, 253, 251, 255, 199, 22, 0, 2, 0, 0, 0, 1, 2, 10, 195, 255, 250, 255,
  255, 255, 255, 255, 255, 255, 255, 255, 255, 255, 255, 255, 255, 255, 255, 255, 255, 250, 255, 201, 13, 2, 1, 0,
  0, 3, 0, 162, 255, 250, 255, 255, 255, 255, 255, 255, 255, 255, 255, 255, 255, 255, 255, 255, 255, 255, 255, 255,
  255, 255, 250, 255, 169, 0, 3, 0, 3, 0, 87, 255, 250, 255, 255, 255, 255, 255, 255, 255, 255, 255, 255, 255,
  255, 255, 255, 255, 255, 255, 255, 255, 255, 255, 255, 251, 255, 95, 0, 3, 1, 13, 225, 254, 253, 255, 255, 255,
  255, 255, 255, 255, 255, 255, 255, 255, 255, 255, 255, 255, 255, 255, 255, 255, 255, 255, 255, 253, 254, 230, 16, 1,
  0, 106, 255, 252, 255, 255, 255, 255, 255, 255, 255, 255, 255, 255, 255, 255, 255, 255, 255, 255, 255, 255, 255, 255,
  255, 255, 255, 255, 252, 255, 114, 0, 4, 204, 254, 252, 255, 255, 255, 255, 255, 255, 255, 255, 255, 255, 255, 255,
  255, 255, 255, 255, 255, 255, 255, 255, 255, 255, 255, 255, 253, 254, 211, 6, 53, 251, 255, 255, 255, 255, 255, 255,
  255, 255, 255, 255, 255, 255, 255, 255, 255, 255, 255, 255, 255, 255, 255, 255, 255, 255, 255, 255, 255, 254, 253, 60,
  120, 255, 252, 255, 255, 255, 255, 255, 255, 255, 255, 255, 255, 255, 255, 255, 255, 255, 255, 255, 255, 255, 255, 255,
  255, 255, 255, 255, 255, 252, 255, 128, 169, 255, 252, 255, 255, 255, 255, 255, 255, 255, 255, 255, 255, 255, 255, 255,
  255, 255, 255, 255, 255, 255, 255, 255, 255, 255, 255, 255, 255, 252, 255, 177, 202, 255, 253, 255, 255, 255, 255, 255,
  255, 255, 255, 255, 255, 255, 255, 255, 255, 255, 255, 255, 255, 255, 255, 255, 255, 255, 255, 255, 255, 254, 255, 211,
  222, 255, 254, 255, 255, 255, 255, 255, 255, 255, 255, 255, 255, 255, 255, 255, 255, 255, 255, 255, 255, 255, 255, 255,
  255, 255, 255, 255, 255, 254, 255, 223, 222, 255, 254, 255, 255, 255, 255, 255, 255, 255, 255, 255, 255, 255, 255, 255,
  255, 255, 255, 255, 255, 255, 255, 255, 255, 255, 255, 255, 255, 254, 255, 223, 203, 255, 253, 255, 255, 255, 255, 255,
  255, 255, 255, 255, 255, 255, 255, 255, 255, 255, 255, 255, 255, 255, 255, 255, 255, 255, 255, 255, 255, 254, 255, 212,
  171, 255, 252, 255, 255, 255, 255, 255, 255, 255, 255, 255, 255, 255, 255, 255, 255, 255, 255, 255, 255, 255, 255, 255,
  255, 255, 255, 255, 255, 253, 255, 178, 122, 255, 252, 255, 255, 255, 255, 255, 255, 255, 255, 255, 255, 255, 255, 255,
  255, 255, 255, 255, 255, 255, 255, 255, 255, 255, 255, 255, 255, 252, 255, 130, 55, 252, 255, 255, 255, 255, 255, 255,
  255, 255, 255, 255, 255, 255, 255, 255, 255, 255, 255, 255, 255, 255, 255, 255, 255, 255, 255, 255, 255, 254, 254, 63,
  4, 207, 254, 252, 255, 255, 255, 255, 255, 255, 255, 255, 255, 255, 255, 255, 255, 255, 255, 255, 255, 255, 255, 255,
  255, 255, 255, 255, 253, 254, 213, 7, 0, 110, 255, 252, 255, 255, 255, 255, 255, 255, 255, 255, 255, 255, 255, 255,
  255, 255, 255, 255, 255, 255, 255, 255, 255, 255, 255, 255, 251, 255, 117, 0, 1, 15, 228, 254, 253, 255, 255, 255,
  255, 255, 255, 255, 255, 255, 255, 255, 255, 255, 255, 255, 255, 255, 255, 255, 255, 255, 255, 253, 253, 233, 19, 1,
  3, 0, 92, 255, 251, 255, 255, 255, 255, 255, 255, 255, 255, 255, 255, 255, 255, 255, 255, 255, 255, 255, 255, 255,
  255, 255, 255, 250, 255, 100, 0, 3, 0, 3, 0, 167, 255, 250, 255, 255, 255, 255, 255, 255, 255, 255, 255, 255,
  255, 255, 255, 255, 255, 255, 255, 255, 255, 255, 250, 255, 174, 0, 3, 0, 0, 1, 2, 12, 200, 255, 250, 255,
  255, 255, 255, 255, 255, 255, 255, 255, 255, 255, 255, 255, 255, 255, 255, 255, 255, 250, 255, 207, 15, 2, 1, 0,
  0, 0, 2, 0, 22, 200, 255, 251, 253, 255, 255, 255, 255, 255, 255, 255, 255, 255, 255, 255, 255, 255, 255, 254,
  251, 255, 205, 25, 0, 2, 0, 0, 0, 0, 0, 2, 0, 13, 167, 255, 255, 251, 253, 255, 255, 255, 255, 255,
  255, 255, 255, 255, 255, 253, 251, 255, 255, 172, 16, 0, 2, 0, 0, 0, 0, 0, 0, 0, 2, 0, 0, 98,
  226, 255, 255, 255, 252, 253, 253, 254, 254, 254, 253, 252, 255, 255, 255, 229, 102, 0, 0, 2, 0, 0, 0, 0,
  0, 0, 0, 0, 0, 1, 2, 0, 18, 115, 207, 254, 255, 255, 255, 255, 255, 255, 255, 255, 255, 210, 119, 20,
  0, 2, 1, 0, 0, 0, 0, 0, 0, 0, 0, 0, 0, 0, 0, 3, 0, 0, 4, 60, 126, 176, 211, 223,
  223, 212, 177, 128, 63, 5, 0, 0, 3, 0, 0, 0, 0, 0, 0, 0,
};

static const uint16_t LOGO_VELO_SMALL_RGB[] PROGMEM = {
  0x0000, 0x0000, 0x0000, 0xF80A, 0x0000, 0x0000, 0xE0EC, 0xD8CC, 0xD8CC, 0xD8CB, 0xD8CB, 0xD8CB, 0xD8CC, 0xE0CC, 0x0000, 0x0000,
  0xA80A, 0x0000, 0x0000, 0x0000, 0x0000, 0x0000, 0xA80A, 0x0000, 0xD8CC, 0xE0CC, 0xD8CC, 0xE0CC, 0xE0CC, 0xD8CC, 0xD8CC, 0xE0CC,
  0xE0CC, 0xE0CC, 0xE0CC, 0xD8CC, 0x0000, 0xF80A, 0x0000, 0x0000, 0x0000, 0xF80A, 0x0000, 0xD8CC, 0xE0CC, 0xE0EC, 0xD8CB, 0xD8CB,
  0xD8CB, 0xD8CB, 0xD8CB, 0xD8CB, 0xD8CB, 0xD8CB, 0xE0EC, 0xE0CC, 0xD8CC, 0x0000, 0xF80A, 0x0000, 0xA80A, 0x0000, 0xD8CC, 0xE8EC,
  0xD8CB, 0xD8CB, 0xD8CB, 0xD8CB, 0xD8CB, 0xD8CB, 0xD8CB, 0xD8CB, 0xD8CB, 0xD8CB, 0xD8CB, 0xD8CB, 0xE8EC, 0xD8CB, 0x0000, 0xA80A,
  0x0000, 0xE0CC, 0xE0CC, 0xD8CC, 0xD8EC, 0xD8EC, 0xD8EC, 0xD8CC, 0xD8CB, 0xD8CB, 0xD8CB, 0xD8CB, 0xD8CB, 0xD8EC, 0xD8EC, 0xD8EC,
  0xD8CC, 0xE0CC, 0xD8CC, 0x0000, 0xF80A, 0xD8CB, 0xE0CC, 0xD8CB, 0xD86A, 0xD88A, 0xD86A, 0xD8CB, 0xD8EC, 0xD8CB, 0xD8CB, 0xD8CB,
  0xD8CB, 0xD86A, 0xD86A, 0xD86A, 0xD8CB, 0xE0CC, 0xD8CB, 0xF80F, 0xD8CC, 0xE0CC, 0xD8CC, 0xD88B, 0xE332, 0xF61A, 0xECD7, 0xD8EC,
  0xD8AB, 0xD8EC, 0xD8CB, 0xD8CB, 0xD8EC, 0xEC96, 0xF5FA, 0xE352, 0xD88B, 0xD8CB, 0xE0CC, 0xE0CC, 0xD8CC, 0xE0EC, 0xD88B, 0xE24F,
  0xFFFF, 0xFFFF, 0xFFFF, 0xF61A, 0xD8EC, 0xD8AB, 0xD90C, 0xD86A, 0xECB6, 0xFFFF, 0xFFFF, 0xFFFF, 0xE270, 0xD86B, 0xE0EC, 0xD8CC,
  0xD8CB, 0xE0EC, 0xD04A, 0xEB73, 0xFFFF, 0xFFDF, 0xFFDF, 0xFFFF, 0xF63A, 0xD8EC, 0xD8CB, 0xD88B, 0xF63A, 0xFFFF, 0xFF9E, 0xFFFF,
  0xEBB3, 0xD04A, 0xE0EC, 0xD8CB, 0xD8CC, 0xD8EC, 0xD8AB, 0xD94D, 0xFF3D, 0xFFFF, 0xFFFF, 0xFFFF, 0xFFFF, 0xF63A, 0xD8EC, 0xD84A,
  0xE352, 0xFFFF, 0xFFFF, 0xFF3D, 0xD98D, 0xD8AB, 0xD8EC, 0xD8CB, 0xD8CC, 0xD8CC, 0xD8EC, 0xD88B, 0xD9EE, 0xFF5D, 0xFFFF, 0xFFFF,
  0xFFFF, 0xFFFF, 0xF63A, 0xD8EC, 0xD86A, 0xE270, 0xEB93, 0xD98D, 0xD88B, 0xD8EC, 0xD8CC, 0xD8CB, 0xD8CC, 0xE0CC, 0xD8CB, 0xD8EC,
  0xD86A, 0xD9CE, 0xFF5D, 0xFFFF, 0xFFFF, 0xFFDF, 0xFFFF, 0xF5FA, 0xD8CB, 0xD88B, 0xD84A, 0xD8AB, 0xD8EC, 0xD8CB, 0xE0CC, 0xD8CB,
  0xD8CB, 0xE0CC, 0xD8CB, 0xD8CB, 0xD8EC, 0xD86A, 0xD9CE, 0xFF5D, 0xFFFF, 0xFFDF, 0xFFDF, 0xFFFF, 0xE2B1, 0xD88B, 0xD90C, 0xD8CC,
  0xD8CB, 0xD8CB, 0xE0CC, 0xD8CC, 0xD8CB, 0xE0CC, 0xD8CB, 0xD8CB, 0xD8CB, 0xD8EC, 0xD86A, 0xD9CE, 0xFF5D, 0xFFFF, 0xFFFF, 0xFFFF,
  0xE22F, 0xD88B, 0xD8EC, 0xD8CB, 0xD8CB, 0xD8CB, 0xE0CC, 0xD8CC, 0xF80F, 0xD8CC, 0xE0CC, 0xD8CB, 0xD8CB, 0xD8CB, 0xD8EC, 0xD86A,
  0xD9CE, 0xF63A, 0xFEDC, 0xEBB3, 0xD88B, 0xD8EC, 0xD8CB, 0xD8CB, 0xD8CB, 0xE0CC, 0xD8CB, 0xF98C, 0x0000, 0xD8CC, 0xE0CC, 0xD8CC,
  0xD8CB, 0xD8CB, 0xD8CB, 0xD8EC, 0xD88B, 0xD8AB, 0xD8CB, 0xD86A, 0xD8CB, 0xD8CB, 0xD8CB, 0xD8CB, 0xD8CC, 0xE0CC, 0xD8CC, 0x0000,
  0xA80A, 0x0000, 0xD8CB, 0xE8EC, 0xD8CB, 0xD8CB, 0xD8CB, 0xD8CB, 0xD8EC, 0xD8CC, 0xD8CB, 0xD8EC, 0xD8CB, 0xD8CB, 0xD8CB, 0xD8CB,
  0xE8EC, 0xD8CC, 0x0000, 0xF80A, 0x0000, 0xF80A, 0x0000, 0xD8CB, 0xE0CC, 0xE0CC, 0xD8CB, 0xD8CB, 0xD8CB, 0xD8CB, 0xD8CB, 0xD8CB,
  0xD8CB, 0xD8CB, 0xE0CC, 0xE0CC, 0xD8CC, 0x0000, 0xF80A, 0x0000, 0x0000, 0x0000, 0xA80A, 0x0000, 0xD8CC, 0xE0CC, 0xE0CC, 0xE0CC,
  0xE0CC, 0xD8CC, 0xD8CC, 0xE0CC, 0xE0CC, 0xE0CC, 0xE0CC, 0xD8CC, 0x0000, 0xA80A, 0x0000, 0x0000, 0x0000, 0x0000, 0x0000, 0xF80A,
  0x0000, 0x0000, 0xE0CC, 0xD8CC, 0xD8CB, 0xD8CB, 0xD8CB, 0xD8CB, 0xD8CC, 0xE0CC, 0x7800, 0x0000, 0xF80A, 0x0000, 0x0000, 0x0000,
};
static const uint8_t LOGO_VELO_SMALL_ALPHA[] PROGMEM = {
  0, 0, 0, 3, 0, 0, 72, 154, 207, 232, 233, 208, 156, 74, 0, 0, 3, 0, 0, 0, 0, 0, 3, 0,
  61, 192, 255, 255, 255, 255, 255, 255, 255, 255, 194, 63, 0, 3, 0, 0, 0, 3, 0, 116, 255, 255, 254, 252,
  253, 254, 254, 253, 252, 254, 255, 255, 119, 0, 3, 0, 3, 0, 114, 255, 253, 252, 255, 255, 255, 255, 255, 255,
  255, 255, 252, 253, 255, 119, 0, 3, 0, 58, 255, 251, 254, 255, 255, 255, 255, 255, 255, 255, 255, 255, 255, 254,
  251, 255, 62, 0, 3, 197, 255, 252, 255, 255, 255, 255, 255, 255, 255, 255, 255, 255, 255, 255, 252, 255, 201, 4,
  71, 255, 253, 255, 255, 255, 255, 255, 255, 255, 255, 255, 255, 255, 255, 255, 255, 253, 255, 75, 155, 255, 252, 255,
  255, 255, 255, 255, 255, 255, 255, 255, 255, 255, 255, 255, 255, 252, 254, 160, 208, 255, 253, 255, 255, 255, 255, 255,
  255, 255, 255, 255, 255, 255, 255, 255, 255, 254, 255, 213, 232, 255, 254, 255, 255, 255, 255, 255, 255, 255, 255, 255,
  255, 255, 255, 255, 255, 254, 255, 234, 233, 255, 254, 255, 255, 255, 255, 255, 255, 255, 255, 255, 255, 255, 255, 255,
  255, 254, 255, 234, 209, 255, 253, 255, 255, 255, 255, 255, 255, 255, 255, 255, 255, 255, 255, 255, 255, 254, 255, 214,
  157, 255, 252, 255, 255, 255, 255, 255, 255, 255, 255, 255, 255, 255, 255, 255, 255, 252, 254, 162, 72, 255, 253, 255,
  255, 255, 255, 255, 255, 255, 255, 255, 255, 255, 255, 255, 255, 253, 255, 77, 4, 199, 255, 252, 255, 255, 255, 255,
  255, 255, 255, 255, 255, 255, 255, 255, 252, 255, 204, 5, 0, 61, 255, 251, 254, 255, 255, 255, 255, 255, 255, 255,
  255, 255, 255, 254, 251, 255, 65, 0, 3, 0, 118, 255, 253, 252, 255, 255, 255, 255, 255, 255, 255, 255, 252, 253,
  255, 122, 0, 3, 0, 3, 0, 120, 255, 255, 254, 252, 254, 254, 254, 254, 252, 254, 255, 255, 123, 0, 3, 0,
  0, 0, 3, 0, 65, 196, 255, 255, 255, 255, 255, 255, 255, 255, 198, 68, 0, 3, 0, 0, 0, 0, 0, 3,
  0, 1, 77, 160, 213, 234, 234, 214, 161, 79, 2, 0, 3, 0, 0, 0,
};

#endif // LOGOS_H
